t,ego_v,gap,lane_offset,mode,delta_cmd,lon_cmd,steer,throttle,brake,lead_v,lead_ttc,aeb_active,ovt_state,ped_warn,failover_src,ovt_off,ovt_tgt
0.05,0.09,-,0.023,LKA,0.0000,-0.01,0.000,0.00,0.00,-,-,0,idle,0,0,0.023,0.000
0.10,0.09,-,0.023,LKA,0.0000,-0.04,0.000,0.00,0.00,-,-,0,idle,0,0,0.023,0.000
0.15,0.08,-,0.023,LKA,0.0000,-0.08,0.000,0.03,0.00,-,-,0,idle,0,0,0.023,0.000
0.20,0.07,-,0.023,LKA,0.0000,-0.12,0.000,0.04,0.00,-,-,0,idle,0,0,0.023,0.000
0.25,0.05,55.03,0.023,ACC+LKA,0.0000,-0.17,0.000,0.06,0.00,0.00,550.3,0,idle,0,0,0.023,0.000
0.30,0.04,55.03,0.023,ACC+LKA,0.0000,-0.23,0.000,0.08,0.00,0.00,550.3,0,idle,0,0,0.023,0.000
0.35,0.03,55.03,0.023,ACC+LKA,0.0000,-0.30,0.000,0.10,0.00,0.00,550.3,0,idle,0,0,0.023,0.000
0.40,0.02,55.03,0.023,ACC+LKA,0.0000,-0.38,0.000,0.13,0.00,0.00,550.3,0,idle,0,0,0.023,0.000
0.45,0.01,55.03,0.023,ACC+LKA,0.0000,-0.45,0.000,0.15,0.00,0.00,550.3,0,idle,0,0,0.023,0.000
0.50,0.01,55.03,0.023,ACC+LKA,0.0000,-0.54,0.000,0.18,0.00,0.00,550.3,0,idle,0,0,0.023,0.000
0.55,0.01,55.03,0.023,ACC+LKA,0.0000,-0.62,0.000,0.21,0.00,0.00,550.3,0,idle,0,0,0.023,0.000
0.60,0.00,55.03,0.023,ACC+LKA,0.0000,-0.70,0.000,0.23,0.00,0.00,550.3,0,idle,0,0,0.023,0.000
0.65,0.00,55.03,0.023,ACC+LKA,0.0000,-0.79,0.000,0.26,0.00,0.00,550.3,0,idle,0,0,0.023,0.000
0.70,0.00,55.03,0.023,ACC+LKA,0.0000,-0.88,0.000,0.29,0.00,0.00,550.3,0,idle,0,0,0.023,0.000
0.75,0.00,55.03,0.023,ACC+LKA,0.0000,-0.97,0.000,0.32,0.00,0.00,550.3,0,idle,0,0,0.023,0.000
0.80,0.00,55.03,0.023,ACC+LKA,0.0000,-1.05,0.000,0.35,0.00,0.00,550.3,0,idle,0,0,0.023,0.000
0.85,0.00,55.03,0.023,ACC+LKA,0.0000,-1.14,0.000,0.38,0.00,0.00,550.3,0,idle,0,0,0.023,0.000
0.90,0.00,55.03,0.023,ACC+LKA,0.0000,-1.23,0.000,0.41,0.00,0.00,550.3,0,idle,0,0,0.023,0.000
0.95,0.00,55.03,0.023,ACC+LKA,0.0000,-1.32,0.000,0.44,0.00,0.00,550.3,0,idle,0,0,0.023,0.000
1.00,0.00,55.03,0.023,ACC+LKA,0.0000,-1.39,0.000,0.46,0.00,0.00,550.3,0,idle,0,0,0.023,0.000
1.05,0.00,55.03,0.023,ACC+LKA,0.0000,-1.44,0.000,0.48,0.00,0.00,550.3,0,idle,0,0,0.023,0.000
1.10,0.00,55.03,0.023,ACC+LKA,0.0000,-1.48,0.000,0.49,0.00,0.00,550.3,0,idle,0,0,0.023,0.000
1.15,0.00,55.03,0.023,ACC+LKA,0.0000,-1.51,0.000,0.50,0.00,0.00,550.3,0,idle,0,0,0.023,0.000
1.20,0.00,55.03,0.023,ACC+LKA,0.0000,-1.53,0.000,0.51,0.00,0.00,550.3,0,idle,0,0,0.023,0.000
1.25,0.00,55.03,0.023,ACC+LKA,0.0000,-1.55,0.000,0.52,0.00,0.00,550.3,0,idle,0,0,0.023,0.000
1.30,0.00,55.03,0.023,ACC+LKA,0.0000,-1.56,0.000,0.52,0.00,0.00,550.3,0,idle,0,0,0.023,0.000
1.35,0.00,55.03,0.023,ACC+LKA,0.0000,-1.57,0.000,0.52,0.00,0.00,550.3,0,idle,0,0,0.023,0.000
1.40,0.72,55.01,0.023,ACC+LKA,-0.0033,-1.58,-0.008,0.54,0.00,0.00,76.2,0,idle,0,0,0.023,0.000
1.45,1.31,54.96,0.023,ACC+LKA,-0.0000,-1.58,-0.000,0.55,0.00,0.00,42.0,0,idle,0,0,0.023,0.000
1.50,1.74,54.88,0.022,ACC+LKA,0.0018,-1.59,0.004,0.55,0.00,0.00,31.5,0,idle,0,0,0.022,0.000
1.55,2.05,54.78,0.022,ACC+LKA,0.0021,-1.59,0.005,0.56,0.00,0.00,26.7,0,idle,0,0,0.022,0.000
1.60,2.31,54.67,0.022,ACC+LKA,0.0023,-1.59,0.005,0.56,0.00,0.00,23.6,0,idle,0,0,0.022,0.000
1.65,2.51,54.55,0.022,ACC+LKA,0.0024,-1.60,0.005,0.57,0.00,0.00,21.7,0,idle,0,0,0.022,0.000
1.70,2.72,54.42,0.022,ACC+LKA,0.0021,-1.60,0.005,0.57,0.00,0.00,20.0,0,idle,0,0,0.022,0.000
1.75,2.89,54.28,0.022,ACC+LKA,0.0020,-1.60,0.005,0.57,0.00,0.00,18.8,0,idle,0,0,0.022,0.000
1.80,3.08,54.13,0.022,ACC+LKA,0.0017,-1.60,0.004,0.57,0.00,0.00,17.6,0,idle,0,0,0.022,0.000
1.85,3.25,53.97,0.023,ACC+LKA,0.0015,-1.60,0.003,0.58,0.00,0.00,16.6,0,idle,0,0,0.023,0.000
1.90,3.42,53.80,0.022,ACC+LKA,0.0012,-1.60,0.003,0.58,0.00,0.00,15.7,0,idle,0,0,0.022,0.000
1.95,3.58,53.62,0.022,ACC+LKA,0.0010,-1.60,0.002,0.58,0.00,0.00,15.0,0,idle,0,0,0.022,0.000
2.00,3.75,53.44,0.022,ACC+LKA,0.0007,-1.60,0.002,0.58,0.00,0.00,14.3,0,idle,0,0,0.022,0.000
2.05,3.91,53.25,0.022,ACC+LKA,0.0006,-1.60,0.001,0.59,0.00,0.00,13.6,0,idle,0,0,0.022,0.000
2.10,4.07,53.05,0.022,ACC+LKA,0.0004,-1.60,0.001,0.59,0.00,0.00,13.0,0,idle,0,0,0.022,0.000
2.15,4.23,52.84,0.022,ACC+LKA,0.0003,-1.60,0.001,0.59,0.00,0.00,12.5,0,idle,0,0,0.022,0.000
2.20,4.39,52.62,0.022,ACC+LKA,0.0002,-1.60,0.001,0.59,0.00,0.00,12.0,0,idle,0,0,0.022,0.000
2.25,4.55,52.40,0.021,ACC+LKA,0.0002,-1.59,0.000,0.59,0.00,0.00,11.5,0,idle,0,0,0.021,0.000
2.30,4.70,52.17,0.021,ACC+LKA,0.0001,-1.56,0.000,0.58,0.00,0.00,11.1,0,idle,0,0,0.021,0.000
2.35,4.85,51.93,0.021,ACC+LKA,0.0001,-1.53,0.000,0.57,0.00,0.00,10.7,0,idle,0,0,0.021,0.000
2.40,5.00,51.68,0.021,ACC+LKA,0.0001,-1.48,0.000,0.56,0.00,0.00,10.3,0,idle,0,0,0.021,0.000
2.45,5.14,51.42,0.021,ACC+LKA,0.0001,-1.43,0.000,0.55,0.00,0.00,10.0,0,idle,0,0,0.021,0.000
2.50,5.16,51.17,0.020,ACC+LKA,0.0000,-1.39,0.000,0.53,0.00,0.00,9.9,0,idle,0,0,0.020,0.000
2.55,5.15,50.91,0.020,ACC+LKA,0.0000,-1.37,0.000,0.52,0.00,0.00,9.9,0,idle,0,0,0.020,0.000
2.60,5.13,50.65,0.020,ACC+LKA,0.0000,-1.35,0.000,0.52,0.00,0.00,9.9,0,idle,0,0,0.020,0.000
2.65,5.17,50.39,0.020,ACC+LKA,0.0000,-1.33,0.000,0.51,0.00,0.00,9.8,0,idle,0,0,0.020,0.000
2.70,5.18,50.14,0.020,ACC+LKA,0.0000,-1.31,0.000,0.51,0.00,0.00,9.7,0,idle,0,0,0.020,0.000
2.75,5.25,49.87,0.019,ACC+LKA,0.0000,-1.29,0.000,0.50,0.00,0.00,9.5,0,idle,0,0,0.019,0.000
2.80,5.29,49.61,0.019,ACC+LKA,0.0000,-1.28,0.000,0.50,0.00,0.00,9.4,0,idle,0,0,0.019,0.000
2.85,5.38,49.34,0.019,ACC+LKA,0.0001,-1.25,0.000,0.49,0.00,0.00,9.2,0,idle,0,0,0.019,0.000
2.90,5.42,49.07,0.019,ACC+LKA,0.0001,-1.23,0.000,0.48,0.00,0.00,9.1,0,idle,0,0,0.019,0.000
2.95,5.51,48.80,0.018,ACC+LKA,0.0001,-1.20,0.000,0.47,0.00,0.00,8.9,0,idle,0,0,0.018,0.000
3.00,5.56,48.52,0.018,ACC+LKA,0.0001,-1.18,0.000,0.47,0.00,0.00,8.7,0,idle,0,0,0.018,0.000
3.05,5.65,48.24,0.018,ACC+LKA,0.0001,-1.15,0.000,0.46,0.00,0.00,8.5,0,idle,0,0,0.018,0.000
3.10,5.69,47.96,0.018,ACC+LKA,0.0001,-1.12,0.000,0.45,0.00,0.00,8.4,0,idle,0,0,0.018,0.000
3.15,5.78,47.67,0.017,ACC+LKA,0.0001,-1.09,0.000,0.44,0.00,0.00,8.3,0,idle,0,0,0.017,0.000
3.20,5.81,47.38,0.017,ACC+LKA,-0.0004,-1.06,-0.001,0.43,0.00,0.00,8.1,0,idle,0,0,0.017,0.000
3.25,5.89,47.09,0.017,ACC+LKA,-0.0014,0.71,-0.003,0.00,0.09,0.00,8.0,0,idle,0,0,0.017,0.000
3.30,5.90,46.79,0.017,ACC+LKA,-0.0022,0.72,-0.005,0.00,0.09,0.00,7.9,0,idle,0,0,0.017,0.000
3.35,5.90,46.50,0.017,ACC+LKA,-0.0028,0.73,-0.006,0.00,0.09,0.00,7.9,0,idle,0,0,0.017,0.000
3.40,5.83,46.20,0.016,ACC+LKA,-0.0030,0.73,-0.007,0.00,0.09,0.00,7.9,0,idle,0,0,0.016,0.000
3.45,5.77,45.91,0.016,ACC+LKA,-0.0024,0.73,-0.005,0.00,0.09,0.00,8.0,0,idle,0,0,0.016,0.000
3.50,5.65,45.63,0.015,ACC+LKA,-0.0014,-1.01,-0.003,0.41,0.00,0.00,8.1,0,idle,0,0,0.015,0.000
3.55,5.58,45.35,0.015,ACC+LKA,-0.0006,-1.03,-0.001,0.42,0.00,0.00,8.1,0,idle,0,0,0.015,0.000
3.60,5.47,45.07,0.014,ACC+LKA,-0.0001,-1.06,-0.000,0.43,0.00,0.00,8.2,0,idle,0,0,0.014,0.000
3.65,5.44,44.80,0.014,ACC+LKA,0.0002,-1.08,0.001,0.43,0.00,0.00,8.2,0,idle,0,0,0.014,0.000
3.70,5.38,44.53,0.013,ACC+LKA,0.0004,-1.10,0.001,0.44,0.00,0.00,8.3,0,idle,0,0,0.013,0.000
3.75,5.39,44.26,0.013,ACC+LKA,0.0004,-1.12,0.001,0.45,0.00,0.00,8.2,0,idle,0,0,0.013,0.000
3.80,5.37,43.99,0.012,ACC+LKA,0.0004,-1.14,0.001,0.45,0.00,0.00,8.2,0,idle,0,0,0.012,0.000
3.85,5.40,43.72,0.012,ACC+LKA,0.0004,-1.15,0.001,0.45,0.00,0.00,8.1,0,idle,0,0,0.012,0.000
3.90,5.40,43.45,0.012,ACC+LKA,0.0003,-1.15,0.001,0.46,0.00,0.00,8.0,0,idle,0,0,0.012,0.000
3.95,5.46,43.18,0.012,ACC+LKA,0.0003,0.64,0.001,0.00,0.08,0.00,7.9,0,idle,0,0,0.012,0.000
4.00,5.46,42.91,0.011,ACC+LKA,0.0003,0.66,0.001,0.00,0.08,0.00,7.9,0,idle,0,0,0.011,0.000
4.05,5.46,42.64,0.011,ACC+LKA,0.0003,0.68,0.001,0.00,0.08,0.00,7.8,0,idle,0,0,0.011,0.000
4.10,5.38,42.36,0.011,ACC+LKA,0.0002,0.68,0.001,0.00,0.09,0.00,7.9,0,idle,0,0,0.011,0.000
4.15,5.33,42.10,0.011,ACC+LKA,0.0002,0.68,0.000,0.00,0.09,0.00,7.9,0,idle,0,0,0.011,0.000
4.20,5.21,41.83,0.011,ACC+LKA,0.0002,-1.19,0.000,0.47,0.00,0.00,8.0,0,idle,0,0,0.011,0.000
4.25,5.15,41.58,0.011,ACC+LKA,0.0002,-1.21,0.000,0.47,0.00,0.00,8.1,0,idle,0,0,0.011,0.000
4.30,5.04,41.32,0.011,ACC+LKA,0.0002,-1.24,0.000,0.48,0.00,0.00,8.2,0,idle,0,0,0.011,0.000
4.35,5.02,41.07,0.010,ACC+LKA,0.0002,-1.27,0.000,0.49,0.00,0.00,8.2,0,idle,0,0,0.010,0.000
4.40,5.15,40.82,0.010,ACC+LKA,0.0002,0.60,0.000,0.00,0.07,0.00,7.9,0,idle,0,0,0.010,0.000
4.45,4.63,40.57,0.010,ACC+LKA,0.0001,-1.30,0.000,0.49,0.00,0.00,8.8,0,idle,0,0,0.010,0.000
4.50,4.73,40.34,0.010,ACC+LKA,0.0001,-1.34,0.000,0.51,0.00,0.00,8.5,0,idle,0,0,0.010,0.000
4.55,4.84,40.10,0.010,ACC+LKA,0.0001,-1.36,0.000,0.52,0.00,0.00,8.3,0,idle,0,0,0.010,0.000
4.60,4.95,39.85,0.010,ACC+LKA,0.0001,-1.36,0.000,0.52,0.00,0.00,8.1,0,idle,0,0,0.010,0.000
4.65,5.06,39.60,0.010,ACC+LKA,0.0001,0.55,0.000,0.00,0.07,0.00,7.8,0,idle,0,0,0.010,0.000
4.70,5.15,39.35,0.010,ACC+LKA,0.0001,0.61,0.000,0.00,0.08,0.00,7.6,0,idle,0,0,0.010,0.000
4.75,4.68,39.10,0.010,ACC+LKA,0.0001,-1.34,0.000,0.51,0.00,0.00,8.4,0,idle,0,0,0.010,0.000
4.80,4.68,38.87,0.010,ACC+LKA,0.0001,-1.37,0.000,0.52,0.00,0.00,8.3,0,idle,0,0,0.010,0.000
4.85,4.73,38.63,0.010,ACC+LKA,0.0001,-1.40,0.000,0.53,0.00,0.00,8.2,0,idle,0,0,0.010,0.000
4.90,4.81,38.39,0.010,ACC+LKA,0.0001,0.57,0.000,0.00,0.07,0.00,8.0,0,idle,0,0,0.010,0.000
4.95,4.87,38.15,0.010,ACC+LKA,0.0001,0.59,0.000,0.00,0.07,0.00,7.8,0,idle,0,0,0.010,0.000
5.00,4.87,37.90,0.009,ACC+LKA,0.0001,0.62,0.000,0.00,0.08,0.00,7.8,0,idle,0,0,0.009,0.000
5.05,4.81,37.66,0.009,ACC+LKA,0.0001,0.64,0.000,0.00,0.08,0.00,7.8,0,idle,0,0,0.009,0.000
5.10,4.73,37.42,0.009,ACC+LKA,0.0001,0.65,0.000,0.00,0.08,0.00,7.9,0,idle,0,0,0.009,0.000
5.15,4.64,37.19,0.009,ACC+LKA,0.0000,-1.45,0.000,0.55,0.00,0.00,8.0,0,idle,0,0,0.009,0.000
5.20,4.57,36.96,0.009,ACC+LKA,0.0000,-1.47,0.000,0.55,0.00,0.00,8.1,0,idle,0,0,0.009,0.000
5.25,4.54,36.73,0.009,ACC+LKA,0.0000,-1.49,0.000,0.56,0.00,0.00,8.1,0,idle,0,0,0.009,0.000
5.30,4.59,36.51,0.009,ACC+LKA,0.0000,0.61,0.000,0.00,0.08,0.00,8.0,0,idle,0,0,0.009,0.000
5.35,4.64,36.27,0.009,ACC+LKA,0.0000,0.62,0.000,0.00,0.08,0.00,7.8,0,idle,0,0,0.009,0.000
5.40,4.63,36.04,0.009,ACC+LKA,0.0000,0.64,0.000,0.00,0.08,0.00,7.8,0,idle,0,0,0.009,0.000
5.45,4.58,35.81,0.009,ACC+LKA,0.0000,0.65,0.000,0.00,0.08,0.00,7.8,0,idle,0,0,0.009,0.000
5.50,4.50,35.59,0.009,ACC+LKA,0.0000,0.66,0.000,0.00,0.08,0.00,7.9,0,idle,0,0,0.009,0.000
5.55,4.41,35.36,0.009,ACC+LKA,0.0000,-1.55,0.000,0.58,0.00,0.00,8.0,0,idle,0,0,0.009,0.000
5.60,4.34,35.15,0.009,ACC+LKA,0.0001,-1.56,0.000,0.58,0.00,0.00,8.1,0,idle,0,0,0.009,0.000
5.65,4.32,34.93,0.009,ACC+LKA,0.0001,-1.57,0.000,0.58,0.00,0.00,8.1,0,idle,0,0,0.009,0.000
5.70,4.37,34.71,0.009,ACC+LKA,0.0001,0.65,0.000,0.00,0.08,0.00,7.9,0,idle,0,0,0.009,0.000
5.75,4.43,34.49,0.009,ACC+LKA,0.0000,0.67,0.000,0.00,0.08,0.00,7.8,0,idle,0,0,0.009,0.000
5.80,4.43,34.27,0.009,ACC+LKA,-0.0000,0.69,-0.000,0.00,0.09,0.00,7.7,0,idle,0,0,0.009,0.000
5.85,4.38,34.05,0.009,ACC+LKA,0.0000,0.72,0.000,0.00,0.09,0.00,7.8,0,idle,0,0,0.009,0.000
5.90,4.31,33.83,0.009,ACC+LKA,0.0000,0.73,0.000,0.00,0.09,0.00,7.9,0,idle,0,0,0.009,0.000
5.95,4.22,33.62,0.009,ACC+LKA,0.0000,0.74,0.000,0.00,0.09,0.00,8.0,0,idle,0,0,0.009,0.000
6.00,4.13,33.41,0.009,ACC+LKA,0.0000,-1.60,0.000,0.59,0.00,0.00,8.1,0,idle,0,0,0.009,0.000
6.05,4.06,33.21,0.009,ACC+LKA,0.0000,-1.60,0.000,0.59,0.00,0.00,8.2,0,idle,0,0,0.009,0.000
6.10,4.04,33.01,0.009,ACC+LKA,-0.0000,-1.60,-0.000,0.59,0.00,0.00,8.2,0,idle,0,0,0.009,0.000
6.15,4.10,32.80,0.009,ACC+LKA,-0.0000,-1.60,-0.000,0.59,0.00,0.00,8.0,0,idle,0,0,0.009,0.000
6.20,4.19,32.59,0.009,ACC+LKA,0.0000,0.75,0.000,0.00,0.09,0.00,7.8,0,idle,0,0,0.009,0.000
6.25,4.28,32.38,0.009,ACC+LKA,0.0000,0.78,0.000,0.00,0.10,0.00,7.6,0,idle,0,0,0.009,0.000
6.30,4.29,32.17,0.009,ACC+LKA,0.0000,0.81,0.000,0.00,0.10,0.00,7.5,0,idle,0,0,0.009,0.000
6.35,4.26,31.95,0.008,ACC+LKA,0.0000,0.83,0.000,0.00,0.10,0.00,7.5,0,idle,0,0,0.008,0.000
6.40,4.19,31.74,0.008,ACC+LKA,0.0000,0.84,0.000,0.00,0.10,0.00,7.6,0,idle,0,0,0.008,0.000
6.45,4.10,31.54,0.008,ACC+LKA,0.0000,0.84,0.000,0.00,0.10,0.00,7.7,0,idle,0,0,0.008,0.000
6.50,4.01,31.33,0.008,ACC+LKA,-0.0000,0.83,-0.000,0.00,0.10,0.00,7.8,0,idle,0,0,0.008,0.000
6.55,3.92,31.14,0.008,ACC+LKA,-0.0000,0.82,-0.000,0.00,0.10,0.00,7.9,0,idle,0,0,0.008,0.000
6.60,3.82,30.94,0.008,ACC+LKA,0.0000,-1.60,0.000,0.58,0.00,0.00,8.1,0,idle,0,0,0.008,0.000
6.65,3.76,30.75,0.008,ACC+LKA,0.0000,-1.60,0.000,0.58,0.00,0.00,8.2,0,idle,0,0,0.008,0.000
6.70,3.74,30.57,0.008,ACC+LKA,0.0000,-1.60,0.000,0.58,0.00,0.00,8.2,0,idle,0,0,0.008,0.000
6.75,3.79,30.38,0.008,ACC+LKA,0.0000,-1.60,0.000,0.58,0.00,0.00,8.0,0,idle,0,0,0.008,0.000
6.80,3.89,30.19,0.008,ACC+LKA,0.0000,0.80,0.000,0.00,0.10,0.00,7.8,0,idle,0,0,0.008,0.000
6.85,3.98,29.99,0.008,ACC+LKA,-0.0000,0.82,-0.000,0.00,0.10,0.00,7.5,0,idle,0,0,0.008,0.000
6.90,4.00,29.79,0.008,ACC+LKA,-0.0000,0.84,-0.000,0.00,0.11,0.00,7.5,0,idle,0,0,0.008,0.000
6.95,3.96,29.59,0.008,ACC+LKA,-0.0000,0.85,-0.000,0.00,0.11,0.00,7.5,0,idle,0,0,0.008,0.000
7.00,3.90,29.39,0.008,ACC+LKA,-0.0000,0.86,-0.000,0.00,0.11,0.00,7.5,0,idle,0,0,0.008,0.000
7.05,3.82,29.20,0.008,ACC+LKA,0.0000,0.86,0.000,0.00,0.11,0.00,7.6,0,idle,0,0,0.008,0.000
7.10,3.73,29.01,0.008,ACC+LKA,0.0000,0.86,0.000,0.00,0.11,0.00,7.8,0,idle,0,0,0.008,0.000
7.15,3.65,28.83,0.008,ACC+LKA,0.0000,0.85,0.000,0.00,0.11,0.00,7.9,0,idle,0,0,0.008,0.000
7.20,3.55,28.65,0.008,ACC+LKA,0.0000,-1.60,0.000,0.58,0.00,0.00,8.1,0,idle,0,0,0.008,0.000
7.25,3.49,28.47,0.008,ACC+LKA,0.0000,-1.60,0.000,0.58,0.00,0.00,8.2,0,idle,0,0,0.008,0.000
7.30,3.47,28.30,0.008,ACC+LKA,-0.0000,-1.60,-0.000,0.58,0.00,0.00,8.1,0,idle,0,0,0.008,0.000
7.35,3.53,28.12,0.008,ACC+LKA,-0.0000,0.82,-0.000,0.00,0.10,0.00,8.0,0,idle,0,0,0.008,0.000
7.40,3.59,27.95,0.008,ACC+LKA,-0.0000,0.83,-0.000,0.00,0.10,0.00,7.8,0,idle,0,0,0.008,0.000
7.45,3.60,27.77,0.008,ACC+LKA,0.0000,0.84,0.000,0.00,0.11,0.00,7.7,0,idle,0,0,0.008,0.000
7.50,3.56,27.59,0.008,ACC+LKA,0.0000,0.85,0.000,0.00,0.11,0.00,7.7,0,idle,0,0,0.008,0.000
7.55,3.51,27.41,0.008,ACC+LKA,0.0000,0.86,0.000,0.00,0.11,0.00,7.8,0,idle,0,0,0.008,0.000
7.60,3.43,27.24,0.008,ACC+LKA,-0.0000,0.85,-0.000,0.00,0.11,0.00,7.9,0,idle,0,0,0.008,0.000
7.65,3.35,27.07,0.008,ACC+LKA,-0.0000,0.85,-0.000,0.00,0.11,0.00,8.1,0,idle,0,0,0.008,0.000
7.70,3.26,26.90,0.008,ACC+LKA,0.0000,0.84,0.000,0.00,0.10,0.00,8.2,0,idle,0,0,0.008,0.000
7.75,3.18,26.74,0.008,ACC+LKA,0.0000,0.82,0.000,0.00,0.10,0.00,8.4,0,idle,0,0,0.008,0.000
7.80,3.09,26.59,0.008,ACC+LKA,0.0000,0.80,0.000,0.00,0.10,0.00,8.6,0,idle,0,0,0.008,0.000
7.85,3.01,26.43,0.008,ACC+LKA,0.0000,0.78,0.000,0.00,0.10,0.00,8.8,0,idle,0,0,0.008,0.000
7.90,2.93,26.29,0.008,ACC+LKA,-0.0000,0.76,-0.000,0.00,0.09,0.00,9.0,0,idle,0,0,0.008,0.000
7.95,2.85,26.14,0.008,ACC+LKA,-0.0000,0.73,-0.000,0.00,0.09,0.00,9.2,0,idle,0,0,0.008,0.000
8.00,2.76,26.00,0.008,ACC+LKA,0.0000,0.69,0.000,0.00,0.09,0.00,9.4,0,idle,0,0,0.008,0.000
8.05,2.69,25.87,0.008,ACC+LKA,0.0000,0.65,0.000,0.00,0.08,0.00,9.6,0,idle,0,0,0.008,0.000
8.10,2.61,25.73,0.008,ACC+LKA,0.0000,0.60,0.000,0.00,0.08,0.00,9.9,0,idle,0,0,0.008,0.000
8.15,2.54,25.61,0.008,ACC+LKA,0.0000,0.55,0.000,0.00,0.07,0.00,10.1,0,idle,0,0,0.008,0.000
8.20,2.46,25.48,0.008,ACC+LKA,-0.0000,0.49,-0.000,0.00,0.06,0.00,10.4,0,idle,0,0,0.008,0.000
8.25,2.40,25.36,0.008,ACC+LKA,-0.0000,0.43,-0.000,0.00,0.05,0.00,10.6,0,idle,0,0,0.008,0.000
8.30,2.32,25.24,0.008,ACC+LKA,-0.0000,0.36,-0.000,0.00,0.04,0.00,10.9,0,idle,0,0,0.008,0.000
8.35,2.26,25.13,0.008,ACC+LKA,0.0000,0.28,0.000,0.00,0.03,0.00,11.1,0,idle,0,0,0.008,0.000
8.40,2.19,25.02,0.008,ACC+LKA,0.0000,0.20,0.000,0.00,0.02,0.00,11.4,0,idle,0,0,0.008,0.000
8.45,2.14,24.91,0.008,ACC+LKA,0.0000,0.11,0.000,0.00,0.01,0.00,11.7,0,idle,0,0,0.008,0.000
8.50,2.07,24.80,0.008,ACC+LKA,0.0000,0.02,0.000,0.08,0.00,0.00,12.0,0,idle,0,0,0.008,0.000
8.55,2.03,24.70,0.008,ACC+LKA,-0.0000,-1.60,-0.000,0.56,0.00,0.00,12.2,0,idle,0,0,0.008,0.000
8.60,1.99,24.60,0.008,ACC+LKA,-0.0000,-1.60,-0.000,0.56,0.00,0.00,12.4,0,idle,0,0,0.008,0.000
8.65,2.02,24.50,0.008,ACC+LKA,-0.0000,-1.60,-0.000,0.56,0.00,0.00,12.2,0,idle,0,0,0.008,0.000
8.70,2.09,24.40,0.008,ACC+LKA,0.0000,-1.60,0.000,0.56,0.00,0.00,11.7,0,idle,0,0,0.008,0.000
8.75,2.21,24.29,0.008,ACC+LKA,0.0000,-1.60,0.000,0.56,0.00,0.00,11.0,0,idle,0,0,0.008,0.000
8.80,2.34,24.18,0.008,ACC+LKA,0.0000,-1.60,0.000,0.56,0.00,0.00,10.3,0,idle,0,0,0.008,0.000
8.85,2.50,24.05,0.008,ACC+LKA,0.0000,0.11,0.000,0.00,0.01,0.00,9.6,0,idle,0,0,0.008,0.000
8.90,2.63,23.93,0.008,ACC+LKA,0.0000,0.27,0.000,0.00,0.03,0.00,9.1,0,idle,0,0,0.008,0.000
8.95,2.70,23.79,0.008,ACC+LKA,0.0000,0.40,0.000,0.00,0.05,0.00,8.8,0,idle,0,0,0.008,0.000
9.00,2.70,23.66,0.008,ACC+LKA,0.0000,0.49,0.000,0.00,0.06,0.00,8.8,0,idle,0,0,0.008,0.000
9.05,2.68,23.52,0.008,ACC+LKA,0.0000,0.55,0.000,0.00,0.07,0.00,8.8,0,idle,0,0,0.008,0.000
9.10,2.62,23.39,0.008,ACC+LKA,0.0000,0.57,0.000,0.00,0.07,0.00,8.9,0,idle,0,0,0.008,0.000
9.15,2.57,23.26,0.008,ACC+LKA,0.0000,0.58,0.000,0.00,0.07,0.00,9.0,0,idle,0,0,0.008,0.000
9.20,2.50,23.13,0.008,ACC+LKA,0.0000,0.57,0.000,0.00,0.07,0.00,9.2,0,idle,0,0,0.008,0.000
9.25,2.44,23.01,0.008,ACC+LKA,-0.0000,0.55,-0.000,0.00,0.07,0.00,9.4,0,idle,0,0,0.008,0.000
9.30,2.37,22.89,0.008,ACC+LKA,-0.0000,0.52,-0.000,0.00,0.06,0.00,9.7,0,idle,0,0,0.008,0.000
9.35,2.31,22.77,0.008,ACC+LKA,-0.0000,0.47,-0.000,0.00,0.06,0.00,9.9,0,idle,0,0,0.008,0.000
9.40,2.23,22.66,0.008,ACC+LKA,0.0000,0.42,0.000,0.00,0.05,0.00,10.1,0,idle,0,0,0.008,0.000
9.45,2.17,22.55,0.008,ACC+LKA,0.0000,0.35,0.000,0.00,0.04,0.00,10.4,0,idle,0,0,0.008,0.000
9.50,2.11,22.45,0.007,ACC+LKA,0.0000,0.28,0.000,0.00,0.03,0.00,10.7,0,idle,0,0,0.007,0.000
9.55,2.05,22.34,0.007,ACC+LKA,0.0000,0.19,0.000,0.00,0.02,0.00,10.9,0,idle,0,0,0.007,0.000
9.60,1.99,22.24,0.007,ACC+LKA,-0.0000,0.10,-0.000,0.00,0.01,0.00,11.2,0,idle,0,0,0.007,0.000
9.65,1.93,22.14,0.007,ACC+LKA,-0.0000,-1.60,-0.000,0.56,0.00,0.00,11.4,0,idle,0,0,0.007,0.000
9.70,1.88,22.05,0.008,ACC+LKA,-0.0000,-1.60,-0.000,0.56,0.00,0.00,11.7,0,idle,0,0,0.008,0.000
9.75,1.89,21.95,0.008,ACC+LKA,-0.0000,-1.60,-0.000,0.56,0.00,0.00,11.6,0,idle,0,0,0.008,0.000
9.80,1.94,21.86,0.008,ACC+LKA,-0.0000,-1.60,-0.000,0.56,0.00,0.00,11.3,0,idle,0,0,0.008,0.000
9.85,2.05,21.76,0.008,ACC+LKA,-0.0000,-1.60,-0.000,0.56,0.00,0.00,10.6,0,idle,0,0,0.008,0.000
9.90,2.18,21.65,0.008,ACC+LKA,0.0000,-1.60,0.000,0.56,0.00,0.00,10.0,0,idle,0,0,0.008,0.000
9.95,2.33,21.54,0.008,ACC+LKA,0.0000,0.09,0.000,0.00,0.01,0.00,9.2,0,idle,0,0,0.008,0.000
10.00,2.46,21.42,0.008,ACC+LKA,0.0000,0.26,0.000,0.00,0.03,0.00,8.7,0,idle,0,0,0.008,0.000
10.05,2.53,21.29,0.008,ACC+LKA,0.0000,0.39,0.000,0.00,0.05,0.00,8.4,0,idle,0,0,0.008,0.000
10.10,2.53,21.17,0.008,ACC+LKA,0.0000,0.49,0.000,0.00,0.06,0.00,8.4,0,idle,0,0,0.008,0.000
10.15,2.51,21.04,0.008,ACC+LKA,0.0000,0.55,0.000,0.00,0.07,0.00,8.4,0,idle,0,0,0.008,0.000
10.20,2.46,20.92,0.008,ACC+LKA,-0.0000,0.59,-0.000,0.00,0.07,0.00,8.5,0,idle,0,0,0.008,0.000
10.25,2.41,20.79,0.008,ACC+LKA,-0.0000,0.60,-0.000,0.00,0.08,0.00,8.6,0,idle,0,0,0.008,0.000
10.30,2.35,20.67,0.008,ACC+LKA,-0.0000,0.60,-0.000,0.00,0.07,0.00,8.8,0,idle,0,0,0.008,0.000
10.35,2.29,20.56,0.008,ACC+LKA,0.0000,0.58,0.000,0.00,0.07,0.00,9.0,0,idle,0,0,0.008,0.000
10.40,2.22,20.45,0.008,ACC+LKA,0.0000,0.54,0.000,0.00,0.07,0.00,9.2,0,idle,0,0,0.008,0.000
10.45,2.16,20.34,0.008,ACC+LKA,0.0000,0.50,0.000,0.00,0.06,0.00,9.4,0,idle,0,0,0.008,0.000
10.50,2.08,20.23,0.008,ACC+LKA,0.0000,0.44,0.000,0.00,0.06,0.00,9.7,0,idle,0,0,0.008,0.000
10.55,2.03,20.13,0.008,ACC+LKA,0.0000,0.38,0.000,0.00,0.05,0.00,9.9,0,idle,0,0,0.008,0.000
10.60,1.96,20.03,0.008,ACC+LKA,-0.0000,0.30,-0.000,0.00,0.04,0.00,10.2,0,idle,0,0,0.008,0.000
10.65,1.91,19.93,0.008,ACC+LKA,-0.0000,0.21,-0.000,0.00,0.03,0.00,10.5,0,idle,0,0,0.008,0.000
10.70,1.84,19.84,0.008,ACC+LKA,-0.0000,0.11,-0.000,0.00,0.01,0.00,10.8,0,idle,0,0,0.008,0.000
10.75,1.79,19.75,0.008,ACC+LKA,-0.0000,0.00,-0.000,0.07,0.00,0.00,11.0,0,idle,0,0,0.008,0.000
10.80,1.74,19.66,0.008,ACC+LKA,0.0000,-1.60,0.000,0.56,0.00,0.00,11.3,0,idle,0,0,0.008,0.000
10.85,1.72,19.58,0.008,ACC+LKA,0.0000,-1.60,0.000,0.56,0.00,0.00,11.4,0,idle,0,0,0.008,0.000
10.90,1.73,19.49,0.007,ACC+LKA,0.0000,-1.60,0.000,0.56,0.00,0.00,11.3,0,idle,0,0,0.007,0.000
10.95,1.81,19.40,0.007,ACC+LKA,0.0000,-1.60,0.000,0.56,0.00,0.00,10.7,0,idle,0,0,0.007,0.000
11.00,1.92,19.31,0.007,ACC+LKA,-0.0000,-1.60,-0.000,0.56,0.00,0.00,10.1,0,idle,0,0,0.007,0.000
11.05,2.06,19.21,0.008,ACC+LKA,-0.0000,-1.60,-0.000,0.56,0.00,0.00,9.3,0,idle,0,0,0.008,0.000
11.10,2.21,19.10,0.007,ACC+LKA,0.0000,0.08,0.000,0.00,0.01,0.00,8.7,0,idle,0,0,0.007,0.000
11.15,2.35,18.99,0.007,ACC+LKA,0.0000,0.26,0.000,0.00,0.03,0.00,8.1,0,idle,0,0,0.007,0.000
11.20,2.41,18.87,0.007,ACC+LKA,-0.0000,0.42,-0.000,0.00,0.05,0.00,7.8,0,idle,0,0,0.007,0.000
11.25,2.43,18.74,0.008,ACC+LKA,-0.0000,0.53,-0.000,0.00,0.07,0.00,7.7,0,idle,0,0,0.008,0.000
11.30,2.40,18.62,0.008,ACC+LKA,-0.0000,0.60,-0.000,0.00,0.08,0.00,7.8,0,idle,0,0,0.008,0.000
11.35,2.36,18.50,0.008,ACC+LKA,-0.0000,0.65,-0.000,0.00,0.08,0.00,7.8,0,idle,0,0,0.008,0.000
11.40,2.30,18.39,0.008,ACC+LKA,-0.0000,0.68,-0.000,0.00,0.08,0.00,8.0,0,idle,0,0,0.008,0.000
11.45,2.25,18.27,0.008,ACC+LKA,0.0000,0.69,0.000,0.00,0.09,0.00,8.1,0,idle,0,0,0.008,0.000
11.50,2.17,18.16,0.008,ACC+LKA,0.0000,0.68,0.000,0.00,0.09,0.00,8.4,0,idle,0,0,0.008,0.000
11.55,2.11,18.06,0.008,ACC+LKA,0.0000,0.66,0.000,0.00,0.08,0.00,8.5,0,idle,0,0,0.008,0.000
11.60,2.04,17.95,0.008,OVERTAKE,0.0000,0.62,0.000,0.00,0.08,0.00,8.8,0,confirming,0,0,0.008,0.000
11.65,1.98,17.85,0.008,OVERTAKE,0.0000,0.57,0.000,0.00,0.07,0.00,9.0,0,confirming,0,0,0.008,0.000
11.70,1.91,17.76,0.008,OVERTAKE,-0.0000,0.51,-0.000,0.00,0.06,0.00,9.3,0,confirming,0,0,0.008,0.000
11.75,1.85,17.66,0.008,OVERTAKE,-0.0000,0.44,-0.000,0.00,0.05,0.00,9.5,0,confirming,0,0,0.008,0.000
11.80,1.79,17.57,0.008,OVERTAKE,-0.0000,0.35,-0.000,0.00,0.04,0.00,9.8,0,confirming,0,0,0.008,0.000
11.85,1.74,17.48,0.008,OVERTAKE,0.0000,0.24,0.000,0.00,0.03,0.00,10.1,0,confirming,0,0,0.008,0.000
11.90,1.41,17.40,0.008,OVERTAKE,0.0000,-1.55,0.000,0.54,0.00,0.00,12.3,0,confirming,0,0,0.008,0.000
11.95,1.33,17.34,0.008,OVERTAKE,-0.0000,-1.56,-0.000,0.54,0.00,0.00,13.0,0,confirming,0,0,0.008,0.000
12.00,1.44,17.27,0.008,OVERTAKE,-0.0000,-1.57,-0.000,0.54,0.00,0.00,12.0,0,confirming,0,0,0.008,0.000
12.05,1.47,17.19,0.008,OVERTAKE,-0.0000,-1.58,-0.000,0.55,0.00,0.00,11.7,0,confirming,0,0,0.008,0.000
12.10,1.66,17.11,0.008,OVERTAKE,-0.0000,-1.58,-0.000,0.55,0.00,0.00,10.3,0,confirming,0,0,0.008,0.000
12.15,1.76,17.03,0.008,OVERTAKE,0.0000,-1.56,0.000,0.54,0.00,0.00,9.7,0,confirming,0,0,0.008,0.000
12.20,1.97,16.93,0.008,OVERTAKE,-0.0000,-1.53,-0.000,0.54,0.00,0.00,8.6,0,confirming,0,0,0.008,0.000
12.25,2.09,16.83,0.008,OVERTAKE,0.0000,0.02,0.000,0.08,0.00,0.00,8.1,0,shifting_left,0,0,0.008,0.000
12.30,2.28,16.72,0.008,OVERTAKE,-0.0228,0.25,-0.052,0.00,0.03,0.00,7.3,0,shifting_left,0,0,0.008,-0.080
12.35,2.29,16.61,0.006,OVERTAKE,-0.0323,0.42,-0.074,0.00,0.05,0.00,7.3,0,shifting_left,0,0,0.006,-0.160
12.40,2.34,16.49,0.002,OVERTAKE,-0.0349,0.56,-0.080,0.00,0.07,0.00,7.1,0,shifting_left,0,0,0.002,-0.240
12.45,2.26,16.38,-0.004,OVERTAKE,-0.0504,0.64,-0.116,0.00,0.08,0.00,7.3,0,shifting_left,0,0,-0.004,-0.320
12.50,2.26,16.26,-0.010,OVERTAKE,-0.0650,0.71,-0.149,0.00,0.09,0.00,7.2,0,shifting_left,0,0,-0.010,-0.400
12.55,2.15,16.15,-0.019,OVERTAKE,-0.0784,0.74,-0.180,0.00,0.09,0.00,7.5,0,shifting_left,0,0,-0.019,-0.480
12.60,2.14,16.04,-0.030,OVERTAKE,-0.0908,0.76,-0.208,0.00,0.10,0.00,7.5,0,shifting_left,0,0,-0.030,-0.560
12.65,2.02,15.94,-0.043,OVERTAKE,-0.1024,0.75,-0.235,0.00,0.09,0.00,7.9,0,shifting_left,0,0,-0.043,-0.640
12.70,2.01,15.83,-0.057,OVERTAKE,-0.1133,0.74,-0.260,0.00,0.09,0.00,7.9,0,shifting_left,0,0,-0.057,-0.720
12.75,1.88,15.73,-0.073,OVERTAKE,-0.1236,0.71,-0.283,0.00,0.09,0.00,8.4,0,shifting_left,0,0,-0.073,-0.800
12.80,1.88,15.63,-0.091,OVERTAKE,-0.1332,0.68,-0.305,0.00,0.09,0.00,8.3,0,shifting_left,0,0,-0.091,-0.880
12.85,1.76,15.53,-0.109,OVERTAKE,-0.1424,0.63,-0.326,0.00,0.08,0.00,8.8,0,shifting_left,0,0,-0.109,-0.960
12.90,1.77,15.43,-0.129,OVERTAKE,-0.1510,0.59,-0.346,0.00,0.07,0.00,8.7,0,shifting_left,0,0,-0.129,-1.040
12.95,1.65,15.33,-0.150,OVERTAKE,-0.1594,0.50,-0.365,0.00,0.06,0.00,9.3,0,shifting_left,0,0,-0.150,-1.120
13.00,1.66,15.23,-0.172,OVERTAKE,-0.1672,0.41,-0.383,0.00,0.05,0.00,9.2,0,shifting_left,0,0,-0.172,-1.200
13.05,1.44,-,-0.194,OVERTAKE,-0.1753,-0.93,-0.402,0.33,0.00,-,-,0,shifting_left,0,0,-0.194,-1.280
13.10,1.45,-,-0.216,OVERTAKE,-0.1837,-0.92,-0.421,0.33,0.00,-,-,0,shifting_left,0,0,-0.216,-1.360
13.15,1.42,-,-0.239,OVERTAKE,-0.1913,-0.93,-0.438,0.33,0.00,-,-,0,shifting_left,0,0,-0.239,-1.440
13.20,1.49,-,-0.265,OVERTAKE,-0.1981,-0.90,-0.454,0.32,0.00,-,-,0,shifting_left,0,0,-0.265,-1.520
13.25,1.51,-,-0.292,OVERTAKE,-0.2041,-0.90,-0.468,0.32,0.00,-,-,0,shifting_left,0,0,-0.292,-1.600
13.30,1.59,-,-0.322,OVERTAKE,-0.2091,-0.86,-0.479,0.31,0.00,-,-,0,shifting_left,0,0,-0.322,-1.680
13.35,1.62,-,-0.354,OVERTAKE,-0.2133,-0.85,-0.489,0.30,0.00,-,-,0,shifting_left,0,0,-0.354,-1.760
13.40,1.71,-,-0.389,OVERTAKE,-0.2163,-0.80,-0.496,0.29,0.00,-,-,0,shifting_left,0,0,-0.388,-1.840
13.45,1.75,-,-0.426,OVERTAKE,-0.2185,-0.79,-0.501,0.29,0.00,-,-,0,shifting_left,0,0,-0.426,-1.920
13.50,1.83,-,-0.466,OVERTAKE,-0.2198,-0.75,-0.504,0.28,0.00,-,-,0,shifting_left,0,0,-0.466,-2.000
13.55,1.85,-,-0.509,OVERTAKE,-0.2204,-0.74,-0.505,0.27,0.00,-,-,0,shifting_left,0,0,-0.509,-2.080
13.60,1.93,-,-0.554,OVERTAKE,-0.2200,-0.71,-0.504,0.26,0.00,-,-,0,shifting_left,0,0,-0.554,-2.160
13.65,1.95,-,-0.602,OVERTAKE,-0.2190,-0.70,-0.502,0.26,0.00,-,-,0,shifting_left,0,0,-0.602,-2.240
13.70,2.03,-,-0.652,OVERTAKE,-0.2171,-0.66,-0.498,0.25,0.00,-,-,0,shifting_left,0,0,-0.652,-2.320
13.75,2.05,-,-0.705,OVERTAKE,-0.2146,-1.78,-0.492,0.62,0.00,-,-,0,passing,0,0,-0.705,-2.400
13.80,2.13,-,-0.761,OVERTAKE,-0.2483,-1.74,-0.569,0.61,0.00,-,-,0,passing,0,0,-0.761,-3.000
13.85,2.18,-,-0.821,OVERTAKE,-0.2302,-1.72,-0.528,0.60,0.00,-,-,0,passing,0,0,-0.821,-3.000
13.90,2.34,-,-0.886,OVERTAKE,-0.2189,-1.65,-0.502,0.58,0.00,-,-,0,passing,0,0,-0.886,-3.000
13.95,2.48,-,-0.957,OVERTAKE,-0.2082,-1.59,-0.477,0.56,0.00,-,-,0,passing,0,0,-0.957,-3.000
14.00,2.65,-,-1.034,OVERTAKE,-0.1941,-1.51,-0.445,0.54,0.00,-,-,0,passing,0,0,-1.034,-3.000
14.05,2.80,-,-1.116,OVERTAKE,-0.1761,-1.44,-0.404,0.52,0.00,-,-,0,passing,0,0,-1.116,-3.000
14.10,2.98,-,-1.204,OVERTAKE,-0.1544,-1.36,-0.354,0.49,0.00,-,-,0,passing,0,0,-1.204,-3.000
14.15,3.12,-,-1.296,OVERTAKE,-0.1304,-1.30,-0.299,0.47,0.00,-,-,0,passing,0,0,-1.296,-3.000
14.20,3.26,-,-1.392,OVERTAKE,-0.1049,-1.23,-0.240,0.45,0.00,-,-,0,passing,0,0,-1.392,-3.000
14.25,3.39,-,-1.491,OVERTAKE,-0.0788,-1.17,-0.181,0.44,0.00,-,-,0,passing,0,0,-1.491,-3.000
14.30,3.52,-,-1.593,OVERTAKE,-0.0527,-1.12,-0.121,0.42,0.00,-,-,0,passing,0,0,-1.593,-3.000
14.35,3.63,-,-1.695,OVERTAKE,-0.0273,-1.07,-0.063,0.40,0.00,-,-,0,passing,0,0,-1.695,-3.000
14.40,3.73,-,1.702,OVERTAKE,-0.0032,-1.02,-0.007,0.39,0.00,-,-,0,passing,0,0,-1.798,-3.000
14.45,3.82,-,1.601,OVERTAKE,0.0192,-0.98,0.044,0.38,0.00,-,-,0,passing,0,0,-1.899,-3.000
14.50,3.90,-,1.501,OVERTAKE,0.0396,-0.94,0.091,0.37,0.00,-,-,0,passing,0,0,-1.999,-3.000
14.55,3.97,-,1.403,OVERTAKE,0.0582,-0.91,0.133,0.36,0.00,-,-,0,passing,0,0,-2.097,-3.000
14.60,4.03,-,1.309,OVERTAKE,0.0746,-0.88,0.171,0.35,0.00,-,-,0,passing,0,0,-2.191,-3.000
14.65,4.09,-,1.218,OVERTAKE,0.0889,-0.86,0.204,0.34,0.00,-,-,0,passing,0,0,-2.282,-3.000
14.70,4.14,-,1.132,OVERTAKE,0.1012,-0.84,0.232,0.33,0.00,-,-,0,passing,0,0,-2.368,-3.000
14.75,4.19,-,1.049,OVERTAKE,0.1115,-0.82,0.255,0.33,0.00,-,-,0,passing,0,0,-2.451,-3.000
14.80,4.23,-,0.972,OVERTAKE,0.1199,-0.80,0.275,0.32,0.00,-,-,0,passing,0,0,-2.528,-3.000
14.85,4.27,-,0.900,OVERTAKE,0.1265,-0.78,0.290,0.32,0.00,-,-,0,passing,0,0,-2.600,-3.000
14.90,4.30,-,0.832,OVERTAKE,0.1315,-0.76,0.301,0.31,0.00,-,-,0,passing,0,0,-2.668,-3.000
14.95,4.34,-,0.770,OVERTAKE,0.1349,-0.75,0.309,0.31,0.00,-,-,0,passing,0,0,-2.730,-3.000
15.00,4.37,-,0.712,OVERTAKE,0.1368,-0.73,0.313,0.30,0.00,-,-,0,passing,0,0,-2.788,-3.000
15.05,4.40,-,0.660,OVERTAKE,0.1374,-0.72,0.315,0.30,0.00,-,-,0,passing,0,0,-2.840,-3.000
15.10,4.43,-,0.613,OVERTAKE,0.1367,-0.71,0.313,0.29,0.00,-,-,0,passing,0,0,-2.887,-3.000
15.15,4.46,-,0.571,OVERTAKE,0.1349,-0.69,0.309,0.29,0.00,-,-,0,passing,0,0,-2.929,-3.000
15.20,4.48,-,0.533,OVERTAKE,0.1321,-0.68,0.303,0.29,0.00,-,-,0,passing,0,0,-2.967,-3.000
15.25,4.51,-,0.501,OVERTAKE,0.1284,-0.67,0.294,0.28,0.00,-,-,0,passing,0,0,-3.000,-3.000
15.30,4.53,-,0.472,OVERTAKE,0.1239,-0.66,0.284,0.28,0.00,-,-,0,passing,0,0,-3.028,-3.000
15.35,4.55,-,0.448,OVERTAKE,0.1188,-0.65,0.272,0.28,0.00,-,-,0,passing,0,0,-3.052,-3.000
15.40,4.58,-,0.427,OVERTAKE,0.1131,-0.64,0.259,0.27,0.00,-,-,0,passing,0,0,-3.073,-3.000
15.45,4.60,-,0.410,OVERTAKE,0.1069,-0.63,0.245,0.27,0.00,-,-,0,passing,0,0,-3.090,-3.000
15.50,4.62,-,0.397,OVERTAKE,0.1004,-0.62,0.230,0.27,0.00,-,-,0,passing,0,0,-3.103,-3.000
15.55,4.63,-,0.387,OVERTAKE,0.0938,-0.62,0.215,0.27,0.00,-,-,0,passing,0,0,-3.114,-3.000
15.60,4.65,-,0.379,OVERTAKE,0.0869,-0.61,0.199,0.26,0.00,-,-,0,passing,0,0,-3.121,-3.000
15.65,4.66,-,0.374,OVERTAKE,0.0801,-0.60,0.184,0.26,0.00,-,-,0,passing,0,0,-3.126,-3.000
15.70,4.68,-,0.371,OVERTAKE,0.0733,-0.60,0.168,0.26,0.00,-,-,0,passing,0,0,-3.129,-3.000
15.75,4.69,-,0.370,OVERTAKE,0.0666,-0.59,0.153,0.26,0.00,-,-,0,passing,0,0,-3.130,-3.000
15.80,4.70,-,0.371,OVERTAKE,0.0601,-0.59,0.138,0.26,0.00,-,-,0,passing,0,0,-3.129,-3.000
15.85,4.71,-,0.374,OVERTAKE,0.0538,-0.58,0.123,0.26,0.00,-,-,0,passing,0,0,-3.126,-3.000
15.90,4.72,-,0.377,OVERTAKE,0.0477,-0.58,0.109,0.26,0.00,-,-,0,passing,0,0,-3.123,-3.000
15.95,4.73,-,0.382,OVERTAKE,0.0420,-0.57,0.096,0.25,0.00,-,-,0,passing,0,0,-3.118,-3.000
16.00,4.73,-,0.388,OVERTAKE,0.0366,-0.57,0.084,0.25,0.00,-,-,0,passing,0,0,-3.112,-3.000
16.05,4.74,-,0.394,OVERTAKE,0.0315,-0.57,0.072,0.25,0.00,-,-,0,passing,0,0,-3.106,-3.000
16.10,4.74,-,0.400,OVERTAKE,0.0268,-0.57,0.061,0.25,0.00,-,-,0,passing,0,0,-3.100,-3.000
16.15,4.75,-,0.407,OVERTAKE,0.0225,-0.56,0.052,0.25,0.00,-,-,0,passing,0,0,-3.093,-3.000
16.20,4.75,-,0.414,OVERTAKE,0.0185,-0.56,0.042,0.25,0.00,-,-,0,passing,0,0,-3.086,-3.000
16.25,4.76,-,0.421,OVERTAKE,0.0149,-0.56,0.034,0.25,0.00,-,-,0,passing,0,0,-3.079,-3.000
16.30,4.76,-,0.428,OVERTAKE,0.0117,-0.56,0.027,0.25,0.00,-,-,0,passing,0,0,-3.072,-3.000
16.35,4.76,-,0.435,OVERTAKE,0.0088,-0.56,0.020,0.25,0.00,-,-,0,passing,0,0,-3.065,-3.000
16.40,4.77,-,0.442,OVERTAKE,0.0062,-0.56,0.014,0.25,0.00,-,-,0,passing,0,0,-3.058,-3.000
16.45,4.77,-,0.448,OVERTAKE,0.0039,-0.55,0.009,0.25,0.00,-,-,0,passing,0,0,-3.052,-3.000
16.50,4.77,-,0.455,OVERTAKE,0.0020,-0.55,0.004,0.25,0.00,-,-,0,passing,0,0,-3.045,-3.000
16.55,4.77,-,0.460,OVERTAKE,0.0003,-0.55,0.001,0.25,0.00,-,-,0,passing,0,0,-3.040,-3.000
16.60,4.77,-,0.466,OVERTAKE,-0.0012,-0.55,-0.003,0.25,0.00,-,-,0,passing,0,0,-3.034,-3.000
16.65,4.77,-,0.471,OVERTAKE,-0.0023,-0.55,-0.005,0.25,0.00,-,-,0,passing,0,0,-3.029,-3.000
16.70,4.78,-,0.476,OVERTAKE,-0.0033,-0.55,-0.008,0.25,0.00,-,-,0,passing,0,0,-3.024,-3.000
16.75,4.78,-,0.480,OVERTAKE,-0.0041,-0.55,-0.009,0.25,0.00,-,-,0,passing,0,0,-3.020,-3.000
16.80,4.78,-,0.484,OVERTAKE,-0.0047,-0.55,-0.011,0.25,0.00,-,-,0,passing,0,0,-3.016,-3.000
16.85,4.78,-,0.487,OVERTAKE,-0.0052,-0.55,-0.012,0.25,0.00,-,-,0,passing,0,0,-3.013,-3.000
16.90,4.78,-,0.490,OVERTAKE,-0.0055,-0.55,-0.013,0.25,0.00,-,-,0,passing,0,0,-3.010,-3.000
16.95,4.78,-,0.493,OVERTAKE,-0.0057,-0.55,-0.013,0.25,0.00,-,-,0,passing,0,0,-3.007,-3.000
17.00,4.78,-,0.496,OVERTAKE,-0.0058,-0.55,-0.013,0.25,0.00,-,-,0,passing,0,0,-3.004,-3.000
17.05,4.78,-,0.498,OVERTAKE,-0.0058,-0.55,-0.013,0.25,0.00,-,-,0,passing,0,0,-3.002,-3.000
17.10,4.78,-,0.500,OVERTAKE,-0.0057,-0.55,-0.013,0.25,0.00,-,-,0,passing,0,0,-3.000,-3.000
17.15,4.78,-,0.501,OVERTAKE,-0.0056,-0.55,-0.013,0.25,0.00,-,-,0,passing,0,0,-2.999,-3.000
17.20,4.79,-,0.503,OVERTAKE,-0.0054,-0.55,-0.012,0.25,0.00,-,-,0,passing,0,0,-2.997,-3.000
17.25,4.79,-,0.504,OVERTAKE,-0.0052,-0.55,-0.012,0.25,0.00,-,-,0,passing,0,0,-2.996,-3.000
17.30,4.79,-,0.505,OVERTAKE,-0.0049,-0.55,-0.011,0.25,0.00,-,-,0,passing,0,0,-2.995,-3.000
17.35,4.79,-,0.505,OVERTAKE,-0.0046,-0.55,-0.011,0.25,0.00,-,-,0,passing,0,0,-2.995,-3.000
17.40,4.79,-,0.506,OVERTAKE,-0.0043,-0.55,-0.010,0.25,0.00,-,-,0,passing,0,0,-2.994,-3.000
17.45,4.79,-,0.506,OVERTAKE,-0.0040,-0.55,-0.009,0.25,0.00,-,-,0,passing,0,0,-2.994,-3.000
17.50,4.79,-,0.506,OVERTAKE,-0.0037,-0.55,-0.008,0.25,0.00,-,-,0,passing,0,0,-2.994,-3.000
17.55,4.79,-,0.507,OVERTAKE,-0.0034,-0.55,-0.008,0.25,0.00,-,-,0,passing,0,0,-2.993,-3.000
17.60,4.79,-,0.507,OVERTAKE,-0.0031,-0.55,-0.007,0.25,0.00,-,-,0,passing,0,0,-2.993,-3.000
17.65,4.79,-,0.506,OVERTAKE,-0.0028,-0.55,-0.006,0.25,0.00,-,-,0,passing,0,0,-2.994,-3.000
17.70,4.79,-,0.506,OVERTAKE,-0.0025,-0.55,-0.006,0.25,0.00,-,-,0,passing,0,0,-2.994,-3.000
17.75,4.79,-,0.506,OVERTAKE,-0.0022,-0.54,-0.005,0.25,0.00,-,-,0,passing,0,0,-2.994,-3.000
17.80,4.79,-,0.506,OVERTAKE,-0.0019,-0.54,-0.004,0.25,0.00,-,-,0,passing,0,0,-2.994,-3.000
17.85,4.79,-,0.506,OVERTAKE,-0.0017,-0.54,-0.004,0.25,0.00,-,-,0,passing,0,0,-2.994,-3.000
17.90,4.79,-,0.505,OVERTAKE,-0.0014,-0.54,-0.003,0.25,0.00,-,-,0,passing,0,0,-2.995,-3.000
17.95,4.79,-,0.505,OVERTAKE,-0.0012,-0.54,-0.003,0.25,0.00,-,-,0,passing,0,0,-2.995,-3.000
18.00,4.79,-,0.505,OVERTAKE,-0.0010,-0.54,-0.002,0.25,0.00,-,-,0,passing,0,0,-2.996,-3.000
18.05,4.79,-,0.504,OVERTAKE,-0.0008,-0.54,-0.002,0.25,0.00,-,-,0,passing,0,0,-2.996,-3.000
18.10,4.79,-,0.504,OVERTAKE,-0.0006,-0.54,-0.001,0.25,0.00,-,-,0,passing,0,0,-2.996,-3.000
18.15,4.79,-,0.503,OVERTAKE,-0.0005,-0.54,-0.001,0.25,0.00,-,-,0,passing,0,0,-2.997,-3.000
18.20,4.79,-,0.503,OVERTAKE,-0.0004,-0.54,-0.001,0.25,0.00,-,-,0,passing,0,0,-2.997,-3.000
18.25,4.79,-,0.503,OVERTAKE,-0.0003,-0.54,-0.001,0.25,0.00,-,-,0,passing,0,0,-2.997,-3.000
18.30,4.79,-,0.503,OVERTAKE,-0.0002,-0.54,-0.000,0.25,0.00,-,-,0,passing,0,0,-2.997,-3.000
18.35,4.79,-,0.502,OVERTAKE,-0.0001,-0.54,-0.000,0.25,0.00,-,-,0,passing,0,0,-2.998,-3.000
18.40,4.79,-,0.502,OVERTAKE,-0.0000,-0.54,-0.000,0.25,0.00,-,-,0,passing,0,0,-2.998,-3.000
18.45,4.79,-,0.502,OVERTAKE,0.0000,-0.54,0.000,0.25,0.00,-,-,0,passing,0,0,-2.998,-3.000
18.50,4.79,-,0.501,OVERTAKE,0.0001,-0.54,0.000,0.25,0.00,-,-,0,passing,0,0,-2.999,-3.000
18.55,4.79,-,0.501,OVERTAKE,0.0002,-0.54,0.000,0.25,0.00,-,-,0,passing,0,0,-2.999,-3.000
18.60,4.79,-,0.501,OVERTAKE,0.0002,-0.54,0.001,0.25,0.00,-,-,0,passing,0,0,-2.999,-3.000
18.65,4.79,-,0.501,OVERTAKE,0.0002,-0.54,0.000,0.25,0.00,-,-,0,passing,0,0,-2.999,-3.000
18.70,4.79,-,0.501,OVERTAKE,0.0015,-0.54,0.003,0.25,0.00,-,-,0,passing,0,0,-2.996,-3.000
18.75,4.79,-,0.501,OVERTAKE,0.0034,-0.54,0.008,0.25,0.00,-,-,0,passing,0,0,-2.993,-3.000
18.80,4.79,-,0.501,OVERTAKE,0.0053,-0.54,0.012,0.25,0.00,-,-,0,passing,0,0,-2.992,-3.000
18.85,4.79,-,0.502,OVERTAKE,0.0071,-0.54,0.016,0.25,0.00,-,-,0,passing,0,0,-2.991,-3.000
18.90,4.79,-,0.504,OVERTAKE,0.0100,-0.54,0.023,0.25,0.00,-,-,0,passing,0,0,-2.990,-3.000
18.95,4.79,-,0.505,OVERTAKE,0.0130,-0.54,0.030,0.25,0.00,-,-,0,passing,0,0,-2.990,-3.000
19.00,4.79,-,0.506,OVERTAKE,0.0156,-0.54,0.036,0.25,0.00,-,-,0,passing,0,0,-2.990,-3.000
19.05,4.79,-,0.506,OVERTAKE,0.0176,-0.54,0.040,0.25,0.00,-,-,0,passing,0,0,-2.989,-3.000
19.10,4.79,-,0.507,OVERTAKE,0.0191,-0.54,0.044,0.25,0.00,-,-,0,passing,0,0,-2.989,-3.000
19.15,4.79,-,0.509,OVERTAKE,0.0202,-0.54,0.046,0.25,0.00,-,-,0,passing,0,0,-2.989,-3.000
19.20,4.79,-,0.510,OVERTAKE,0.0209,-0.54,0.048,0.25,0.00,-,-,0,passing,0,0,-2.988,-3.000
19.25,4.79,-,0.511,OVERTAKE,0.0215,-0.54,0.049,0.25,0.00,-,-,0,passing,0,0,-2.988,-3.000
19.30,4.79,-,0.510,OVERTAKE,0.0223,-0.54,0.051,0.25,0.00,-,-,0,passing,0,0,-2.988,-3.000
19.35,4.79,-,0.511,OVERTAKE,0.0227,-0.54,0.052,0.25,0.00,-,-,0,passing,0,0,-2.988,-3.000
19.40,4.79,-,0.511,OVERTAKE,0.0228,-0.54,0.052,0.25,0.00,-,-,0,passing,0,0,-2.987,-3.000
19.45,4.79,-,0.512,OVERTAKE,0.0229,-0.54,0.052,0.25,0.00,-,-,0,passing,0,0,-2.987,-3.000
19.50,4.79,-,0.512,OVERTAKE,0.0229,-0.54,0.052,0.25,0.00,-,-,0,passing,0,0,-2.987,-3.000
19.55,4.79,-,0.513,OVERTAKE,0.0229,-0.54,0.053,0.25,0.00,-,-,0,passing,0,0,-2.987,-3.000
19.60,4.79,-,0.513,OVERTAKE,0.0230,-0.54,0.053,0.25,0.00,-,-,0,passing,0,0,-2.988,-3.000
19.65,4.79,-,0.512,OVERTAKE,0.0230,-0.54,0.053,0.25,0.00,-,-,0,passing,0,0,-2.988,-3.000
19.70,4.79,-,0.511,OVERTAKE,0.0231,-0.54,0.053,0.25,0.00,-,-,0,passing,0,0,-2.989,-3.000
19.75,4.79,-,0.511,OVERTAKE,0.0232,-0.54,0.053,0.25,0.00,-,-,0,passing,0,0,-2.989,-3.000
19.80,4.79,-,0.510,OVERTAKE,0.0234,-0.54,0.054,0.25,0.00,-,-,0,passing,0,0,-2.990,-3.000
19.85,4.79,-,0.509,OVERTAKE,0.0237,-0.54,0.054,0.25,0.00,-,-,0,passing,0,0,-2.991,-3.000
19.90,4.79,-,0.509,OVERTAKE,0.0239,-0.54,0.055,0.25,0.00,-,-,0,passing,0,0,-2.992,-3.000
19.95,4.79,-,0.508,OVERTAKE,0.0241,-0.54,0.055,0.25,0.00,-,-,0,passing,0,0,-2.993,-3.000
20.00,4.79,-,0.506,OVERTAKE,0.0242,-0.54,0.055,0.25,0.00,-,-,0,passing,0,0,-2.994,-3.000
20.05,4.79,-,0.505,OVERTAKE,0.0244,-0.54,0.056,0.25,0.00,-,-,0,passing,0,0,-2.995,-3.000
20.10,4.79,-,0.503,OVERTAKE,0.0247,-0.54,0.057,0.25,0.00,-,-,0,passing,0,0,-2.996,-3.000
20.15,4.79,-,0.502,OVERTAKE,0.0250,-0.54,0.057,0.25,0.00,-,-,0,passing,0,0,-2.997,-3.000
20.20,4.79,-,0.501,OVERTAKE,0.0253,-0.54,0.058,0.25,0.00,-,-,0,passing,0,0,-2.998,-3.000
20.25,4.79,-,0.500,OVERTAKE,0.0255,-0.09,0.058,0.10,0.00,-,-,0,returning,0,0,-2.999,-3.000
20.30,4.78,-,0.499,OVERTAKE,0.0605,-0.10,0.139,0.10,0.00,-,-,0,returning,0,0,-3.000,-2.920
20.35,4.73,-,0.500,OVERTAKE,0.0880,-0.12,0.202,0.10,0.00,-,-,0,returning,0,0,-2.998,-2.840
20.40,4.67,-,0.509,OVERTAKE,0.1054,-0.15,0.241,0.11,0.00,-,-,0,returning,0,0,-2.988,-2.760
20.45,4.60,-,0.527,OVERTAKE,0.1180,-0.18,0.270,0.12,0.00,-,-,0,returning,0,0,-2.971,-2.680
20.50,4.54,-,0.550,OVERTAKE,0.1286,-0.21,0.295,0.13,0.00,-,-,0,returning,0,0,-2.946,-2.600
20.55,4.49,-,0.581,OVERTAKE,0.1381,-0.23,0.317,0.14,0.00,-,-,0,returning,0,0,-2.916,-2.520
20.60,4.44,-,0.617,OVERTAKE,0.1466,-0.25,0.336,0.14,0.00,-,-,0,returning,0,0,-2.879,-2.440
20.65,4.39,-,0.659,OVERTAKE,0.1537,-0.28,0.352,0.15,0.00,-,-,0,returning,0,0,-2.837,-2.360
20.70,4.34,-,0.706,OVERTAKE,0.1624,-0.30,0.372,0.16,0.00,-,-,0,returning,0,0,-2.789,-2.280
20.75,4.30,-,0.759,OVERTAKE,0.1679,-0.32,0.385,0.16,0.00,-,-,0,returning,0,0,-2.735,-2.200
20.80,4.26,-,0.818,OVERTAKE,0.1707,-0.33,0.391,0.17,0.00,-,-,0,returning,0,0,-2.676,-2.120
20.85,4.23,-,0.882,OVERTAKE,0.1714,-0.35,0.393,0.17,0.00,-,-,0,returning,0,0,-2.612,-2.040
20.90,4.20,-,0.951,OVERTAKE,0.1702,-0.36,0.390,0.18,0.00,-,-,0,returning,0,0,-2.543,-1.960
20.95,4.18,-,1.024,OVERTAKE,0.1716,-0.37,0.393,0.18,0.00,-,-,0,returning,0,0,-2.469,-1.880
21.00,4.15,-,1.101,OVERTAKE,0.1690,-0.38,0.387,0.18,0.00,-,-,0,returning,0,0,-2.391,-1.800
21.05,4.13,-,1.183,OVERTAKE,0.1638,-0.39,0.375,0.19,0.00,-,-,0,returning,0,0,-2.309,-1.720
21.10,4.12,-,1.268,OVERTAKE,0.1567,-0.40,0.359,0.19,0.00,-,-,0,returning,0,0,-2.224,-1.640
21.15,4.11,-,1.355,OVERTAKE,0.1484,-0.40,0.340,0.19,0.00,-,-,0,returning,0,0,-2.136,-1.560
21.20,4.10,-,1.446,OVERTAKE,0.1392,-0.41,0.319,0.19,0.00,-,-,0,returning,0,0,-2.045,-1.480
21.25,4.09,-,1.538,OVERTAKE,0.1290,-0.41,0.296,0.19,0.00,-,-,0,returning,0,0,-1.952,-1.400
21.30,4.08,-,1.632,OVERTAKE,0.1179,-0.41,0.270,0.19,0.00,-,-,0,returning,0,0,-1.858,-1.320
21.35,4.07,-,1.728,OVERTAKE,0.1066,-0.42,0.244,0.19,0.00,-,-,0,returning,0,0,-1.763,-1.240
21.40,4.07,-,-1.677,OVERTAKE,0.1086,-0.42,0.249,0.19,0.00,-,-,0,returning,0,0,-1.667,-1.160
21.45,4.06,-,-1.580,OVERTAKE,0.1029,-0.42,0.236,0.20,0.00,-,-,0,returning,0,0,-1.570,-1.080
21.50,4.05,-,-1.481,OVERTAKE,0.0932,-0.43,0.214,0.20,0.00,-,-,0,returning,0,0,-1.470,-1.000
21.55,4.04,-,-1.382,OVERTAKE,0.0819,-0.43,0.188,0.20,0.00,-,-,0,returning,0,0,-1.371,-0.920
21.60,4.04,-,-1.282,OVERTAKE,0.0701,-0.43,0.161,0.20,0.00,-,-,0,returning,0,0,-1.271,-0.840
21.65,4.03,-,-1.182,OVERTAKE,0.0583,-0.43,0.134,0.20,0.00,-,-,0,returning,0,0,-1.171,-0.760
21.70,4.03,-,-1.084,OVERTAKE,0.0473,-0.43,0.108,0.20,0.00,-,-,0,returning,0,0,-1.072,-0.680
21.75,4.02,-,-0.986,OVERTAKE,0.0373,-0.44,0.085,0.20,0.00,-,-,0,returning,0,0,-0.974,-0.600
21.80,4.03,-,-0.890,OVERTAKE,0.0283,-0.44,0.065,0.20,0.00,-,-,0,returning,0,0,-0.878,-0.520
21.85,4.01,-,-0.796,OVERTAKE,0.0394,-0.44,0.090,0.20,0.00,-,-,0,returning,0,0,-0.783,-0.440
21.90,4.01,-,-0.701,LKA,0.0798,-1.79,0.183,0.65,0.00,-,-,0,idle,0,0,-0.701,0.000
21.95,4.00,-,-0.602,LKA,0.0651,-1.79,0.149,0.65,0.00,-,-,0,idle,0,0,-0.602,0.000
22.00,4.07,-,-0.500,LKA,0.0229,-1.79,0.052,0.65,0.00,-,-,0,idle,0,0,-0.500,0.000
22.05,4.18,-,-0.398,LKA,-0.0331,-1.77,-0.076,0.65,0.00,-,-,0,idle,0,0,-0.398,0.000
22.10,4.31,-,-0.300,LKA,-0.0961,-1.74,-0.220,0.64,0.00,-,-,0,idle,0,0,-0.300,0.000
22.15,4.44,-,-0.209,LKA,-0.1624,-1.71,-0.372,0.63,0.00,-,-,0,idle,0,0,-0.209,0.000
22.20,4.56,-,-0.130,LKA,-0.2305,-1.67,-0.528,0.62,0.00,-,-,0,idle,0,0,-0.130,0.000
22.25,4.65,-,-0.066,LKA,-0.2666,-1.63,-0.611,0.60,0.00,-,-,0,idle,0,0,-0.066,0.000
22.30,4.73,-,-0.021,LKA,-0.2497,-1.59,-0.572,0.59,0.00,-,-,0,idle,0,0,-0.021,0.000
22.35,4.84,-,0.006,LKA,-0.2064,-1.55,-0.473,0.58,0.00,-,-,0,idle,0,0,0.006,0.000
22.40,5.02,-,0.024,LKA,-0.1670,-1.50,-0.383,0.57,0.00,-,-,0,idle,0,0,0.024,0.000
22.45,5.20,-,0.039,LKA,-0.1366,-1.45,-0.313,0.55,0.00,-,-,0,idle,0,0,0.039,0.000
22.50,5.32,-,0.051,LKA,-0.1133,-1.40,-0.260,0.54,0.00,-,-,0,idle,0,0,0.051,0.000
22.55,5.35,-,0.063,LKA,-0.0930,-1.35,-0.213,0.52,0.00,-,-,0,idle,0,0,0.063,0.000
22.60,5.34,-,0.070,LKA,-0.0615,-1.31,-0.141,0.51,0.00,-,-,0,idle,0,0,0.070,0.000
22.65,5.35,-,0.078,LKA,-0.0456,-1.28,-0.105,0.50,0.00,-,-,0,idle,0,0,0.078,0.000
22.70,5.38,-,0.085,LKA,-0.0358,-1.25,-0.082,0.49,0.00,-,-,0,idle,0,0,0.085,0.000
22.75,5.42,-,0.091,LKA,-0.0275,-1.23,-0.063,0.48,0.00,-,-,0,idle,0,0,0.091,0.000
22.80,5.47,-,0.096,LKA,-0.0211,-1.21,-0.048,0.48,0.00,-,-,0,idle,0,0,0.096,0.000
22.85,5.52,-,0.097,LKA,-0.0049,-1.19,-0.011,0.47,0.00,-,-,0,idle,0,0,0.097,0.000
22.90,5.57,-,0.099,LKA,-0.0011,-1.16,-0.003,0.46,0.00,-,-,0,idle,0,0,0.099,0.000
22.95,5.63,-,0.101,LKA,0.0019,-1.14,0.004,0.45,0.00,-,-,0,idle,0,0,0.101,0.000
23.00,5.68,-,0.102,LKA,0.0037,-1.11,0.008,0.45,0.00,-,-,0,idle,0,0,0.102,0.000
23.05,5.74,-,0.102,LKA,0.0064,-1.09,0.015,0.44,0.00,-,-,0,idle,0,0,0.102,0.000
23.10,5.79,-,0.101,LKA,0.0082,-1.07,0.019,0.43,0.00,-,-,0,idle,0,0,0.101,0.000
23.15,5.84,-,0.097,LKA,0.0190,-1.04,0.044,0.43,0.00,-,-,0,idle,0,0,0.097,0.000
23.20,5.89,-,0.095,LKA,0.0189,-1.02,0.043,0.42,0.00,-,-,0,idle,0,0,0.095,0.000
23.25,5.93,-,0.092,LKA,0.0192,-1.00,0.044,0.41,0.00,-,-,0,idle,0,0,0.092,0.000
23.30,5.97,-,0.089,LKA,0.0189,-0.98,0.043,0.40,0.00,-,-,0,idle,0,0,0.089,0.000
23.35,6.01,-,0.086,LKA,0.0197,-0.96,0.045,0.40,0.00,-,-,0,idle,0,0,0.086,0.000
23.40,6.04,-,0.080,LKA,0.0275,-0.94,0.063,0.39,0.00,-,-,0,idle,0,0,0.080,0.000
23.45,6.08,-,0.076,LKA,0.0268,-0.92,0.061,0.39,0.00,-,-,0,idle,0,0,0.076,0.000
23.50,6.10,-,0.072,LKA,0.0252,-0.90,0.058,0.38,0.00,-,-,0,idle,0,0,0.072,0.000
23.55,6.13,-,0.069,LKA,0.0249,-0.89,0.057,0.38,0.00,-,-,0,idle,0,0,0.069,0.000
23.60,6.15,-,0.064,LKA,0.0242,-0.87,0.055,0.37,0.00,-,-,0,idle,0,0,0.064,0.000
23.65,6.17,-,0.058,LKA,0.0319,-0.86,0.073,0.37,0.00,-,-,0,idle,0,0,0.058,0.000
23.70,6.18,-,0.054,LKA,0.0298,-0.85,0.068,0.37,0.00,-,-,0,idle,0,0,0.054,0.000
23.75,6.19,-,0.050,LKA,0.0286,-0.84,0.066,0.36,0.00,-,-,0,idle,0,0,0.050,0.000
23.80,6.20,-,0.045,LKA,0.0271,-0.83,0.062,0.36,0.00,-,-,0,idle,0,0,0.045,0.000
23.85,6.22,-,0.042,LKA,0.0269,-0.83,0.062,0.36,0.00,-,-,0,idle,0,0,0.042,0.000
23.90,6.22,-,0.035,LKA,0.0334,-0.82,0.076,0.36,0.00,-,-,0,idle,0,0,0.035,0.000
23.95,6.23,-,0.031,LKA,0.0318,-0.81,0.073,0.35,0.00,-,-,0,idle,0,0,0.031,0.000
24.00,6.23,-,0.027,LKA,0.0295,-0.81,0.068,0.35,0.00,-,-,0,idle,0,0,0.027,0.000
24.05,6.24,-,0.024,LKA,0.0286,-0.81,0.066,0.35,0.00,-,-,0,idle,0,0,0.024,0.000
24.10,6.24,-,0.020,LKA,0.0273,-0.80,0.063,0.35,0.00,-,-,0,idle,0,0,0.020,0.000
24.15,6.24,-,0.015,LKA,0.0346,-0.80,0.079,0.35,0.00,-,-,0,idle,0,0,0.015,0.000
24.20,6.24,-,0.011,LKA,0.0320,-0.80,0.073,0.35,0.00,-,-,0,idle,0,0,0.011,0.000
24.25,6.24,-,0.009,LKA,0.0305,-0.80,0.070,0.35,0.00,-,-,0,idle,0,0,0.009,0.000
24.30,6.23,-,0.006,LKA,0.0286,-0.80,0.065,0.35,0.00,-,-,0,idle,0,0,0.006,0.000
24.35,6.23,-,0.003,LKA,0.0280,-0.80,0.064,0.35,0.00,-,-,0,idle,0,0,0.003,0.000
24.40,6.23,-,-0.001,LKA,0.0344,-0.80,0.079,0.35,0.00,-,-,0,idle,0,0,-0.001,0.000
24.45,6.23,-,-0.004,LKA,0.0326,-0.80,0.075,0.35,0.00,-,-,0,idle,0,0,-0.004,0.000
24.50,6.22,-,-0.006,LKA,0.0301,-0.80,0.069,0.35,0.00,-,-,0,idle,0,0,-0.006,0.000
24.55,6.22,-,-0.008,LKA,0.0290,-0.80,0.066,0.35,0.00,-,-,0,idle,0,0,-0.008,0.000
24.60,6.22,-,-0.010,LKA,0.0275,-0.80,0.063,0.35,0.00,-,-,0,idle,0,0,-0.010,0.000
24.65,6.22,-,-0.014,LKA,0.0348,-0.80,0.080,0.35,0.00,-,-,0,idle,0,0,-0.014,0.000
24.70,6.21,-,-0.016,LKA,0.0321,-0.80,0.074,0.35,0.00,-,-,0,idle,0,0,-0.016,0.000
24.75,6.21,-,-0.017,LKA,0.0304,-0.80,0.070,0.35,0.00,-,-,0,idle,0,0,-0.017,0.000
24.80,6.21,-,-0.018,LKA,0.0284,-0.80,0.065,0.35,0.00,-,-,0,idle,0,0,-0.018,0.000
24.85,6.21,-,-0.019,LKA,0.0277,-0.80,0.063,0.35,0.00,-,-,0,idle,0,0,-0.019,0.000
24.90,6.20,-,-0.022,LKA,0.0341,-0.80,0.078,0.35,0.00,-,-,0,idle,0,0,-0.022,0.000
24.95,6.20,-,-0.023,LKA,0.0323,-0.81,0.074,0.35,0.00,-,-,0,idle,0,0,-0.023,0.000
25.00,6.20,-,-0.024,LKA,0.0297,-0.81,0.068,0.35,0.00,-,-,0,idle,0,0,-0.024,0.000
25.05,6.20,-,-0.024,LKA,0.0285,-0.81,0.065,0.35,0.00,-,-,0,idle,0,0,-0.024,0.000
25.10,6.20,-,-0.024,LKA,0.0269,-0.81,0.062,0.35,0.00,-,-,0,idle,0,0,-0.024,0.000
25.15,6.20,-,-0.027,LKA,0.0342,-0.81,0.078,0.35,0.00,-,-,0,idle,0,0,-0.027,0.000
25.20,6.19,-,-0.027,LKA,0.0316,-0.81,0.072,0.35,0.00,-,-,0,idle,0,0,-0.027,0.000
25.25,6.19,-,-0.027,LKA,0.0298,-0.81,0.068,0.35,0.00,-,-,0,idle,0,0,-0.027,0.000
25.30,6.19,-,-0.027,LKA,0.0277,-0.81,0.063,0.35,0.00,-,-,0,idle,0,0,-0.027,0.000
25.35,6.19,-,-0.027,LKA,0.0270,-0.81,0.062,0.35,0.00,-,-,0,idle,0,0,-0.027,0.000
25.40,6.19,-,-0.029,LKA,0.0335,-0.81,0.077,0.35,0.00,-,-,0,idle,0,0,-0.029,0.000
25.45,6.19,-,-0.029,LKA,0.0317,-0.81,0.073,0.35,0.00,-,-,0,idle,0,0,-0.029,0.000
25.50,6.18,-,-0.028,LKA,0.0291,-0.81,0.067,0.35,0.00,-,-,0,idle,0,0,-0.028,0.000
25.55,6.19,-,-0.027,LKA,0.0279,-0.82,0.064,0.35,0.00,-,-,0,idle,0,0,-0.027,0.000
25.60,6.18,-,-0.027,LKA,0.0262,-0.82,0.060,0.35,0.00,-,-,0,idle,0,0,-0.027,0.000
25.65,6.19,-,-0.028,LKA,0.0336,-0.82,0.077,0.35,0.00,-,-,0,idle,0,0,-0.028,0.000
25.70,6.18,-,-0.028,LKA,0.0310,-0.82,0.071,0.35,0.00,-,-,0,idle,0,0,-0.028,0.000
25.75,6.18,-,-0.027,LKA,0.0292,-0.82,0.067,0.35,0.00,-,-,0,idle,0,0,-0.027,0.000
25.80,6.18,-,-0.026,LKA,0.0270,-0.82,0.062,0.35,0.00,-,-,0,idle,0,0,-0.026,0.000
25.85,6.18,-,-0.025,LKA,0.0263,-0.82,0.060,0.35,0.00,-,-,0,idle,0,0,-0.025,0.000
25.90,6.18,-,-0.027,LKA,0.0330,-0.82,0.076,0.35,0.00,-,-,0,idle,0,0,-0.027,0.000
25.95,6.18,-,-0.026,LKA,0.0312,-0.82,0.072,0.35,0.00,-,-,0,idle,0,0,-0.026,0.000
26.00,6.18,-,-0.025,LKA,0.0286,-0.82,0.066,0.35,0.00,-,-,0,idle,0,0,-0.025,0.000
26.05,6.18,-,-0.024,LKA,0.0274,-0.82,0.063,0.35,0.00,-,-,0,idle,0,0,-0.024,0.000
26.10,6.18,-,-0.023,LKA,0.0257,-0.82,0.059,0.36,0.00,-,-,0,idle,0,0,-0.023,0.000
26.15,6.18,-,-0.024,LKA,0.0331,-0.82,0.076,0.36,0.00,-,-,0,idle,0,0,-0.024,0.000
26.20,6.18,-,-0.023,LKA,0.0306,-0.82,0.070,0.36,0.00,-,-,0,idle,0,0,-0.023,0.000
26.25,6.18,-,-0.022,LKA,0.0288,-0.82,0.066,0.36,0.00,-,-,0,idle,0,0,-0.022,0.000
26.30,6.18,-,-0.021,LKA,0.0266,-0.82,0.061,0.36,0.00,-,-,0,idle,0,0,-0.021,0.000
26.35,6.17,-,-0.020,LKA,0.0260,-0.82,0.059,0.36,0.00,-,-,0,idle,0,0,-0.020,0.000
26.40,6.17,-,-0.021,LKA,0.0327,-0.82,0.075,0.36,0.00,-,-,0,idle,0,0,-0.021,0.000
26.45,6.16,-,-0.020,LKA,0.0310,-0.82,0.071,0.36,0.00,-,-,0,idle,0,0,-0.020,0.000
26.50,6.16,-,-0.019,LKA,0.0282,-0.82,0.065,0.36,0.00,-,-,0,idle,0,0,-0.019,0.000
26.55,6.16,-,-0.017,LKA,0.0268,-0.82,0.062,0.36,0.00,-,-,0,idle,0,0,-0.017,0.000
26.60,6.15,-,-0.016,LKA,0.0251,-0.83,0.057,0.36,0.00,-,-,0,idle,0,0,-0.016,0.000
26.65,6.15,-,-0.016,LKA,0.0324,-0.83,0.074,0.36,0.00,-,-,0,idle,0,0,-0.016,0.000
26.70,6.14,-,-0.015,LKA,0.0297,-0.83,0.068,0.36,0.00,-,-,0,idle,0,0,-0.015,0.000
26.75,6.14,-,-0.014,LKA,0.0283,-0.83,0.065,0.36,0.00,-,-,0,idle,0,0,-0.014,0.000
26.80,6.14,-,-0.014,LKA,0.0304,-0.83,0.070,0.36,0.00,-,-,0,idle,0,0,-0.014,0.000
26.85,6.13,-,-0.012,LKA,0.0290,-0.83,0.066,0.36,0.00,-,-,0,idle,0,0,-0.012,0.000
26.90,6.12,-,-0.012,LKA,0.0272,-0.84,0.062,0.36,0.00,-,-,0,idle,0,0,-0.012,0.000
26.95,6.11,-,-0.011,LKA,0.0266,-0.84,0.061,0.36,0.00,-,-,0,idle,0,0,-0.011,0.000
27.00,6.12,-,-0.009,LKA,0.0247,-0.84,0.057,0.36,0.00,-,-,0,idle,0,0,-0.009,0.000
27.05,6.12,-,-0.009,LKA,0.0320,-0.84,0.073,0.36,0.00,-,-,0,idle,0,0,-0.009,0.000
27.10,6.11,-,-0.008,LKA,0.0295,-0.84,0.068,0.36,0.00,-,-,0,idle,0,0,-0.008,0.000
27.15,6.11,-,-0.006,LKA,0.0277,-0.85,0.064,0.36,0.00,-,-,0,idle,0,0,-0.006,0.000
27.20,6.09,-,-0.004,LKA,0.0254,-0.85,0.058,0.36,0.00,-,-,0,idle,0,0,-0.004,0.000
27.25,6.09,-,-0.002,LKA,0.0248,-0.85,0.057,0.36,0.00,-,-,0,idle,0,0,-0.002,0.000
27.30,6.11,-,-0.003,LKA,0.0316,-0.85,0.072,0.37,0.00,-,-,0,idle,0,0,-0.003,0.000
27.35,6.10,-,-0.003,LKA,0.0310,-0.85,0.071,0.37,0.00,-,-,0,idle,0,0,-0.003,0.000
27.40,6.10,-,-0.003,LKA,0.0291,-0.85,0.067,0.37,0.00,-,-,0,idle,0,0,-0.003,0.000
27.45,6.08,-,-0.002,LKA,0.0283,-0.86,0.065,0.37,0.00,-,-,0,idle,0,0,-0.002,0.000
27.50,6.09,-,-0.001,LKA,0.0264,-0.86,0.061,0.37,0.00,-,-,0,idle,0,0,-0.001,0.000
27.55,6.10,-,-0.002,LKA,0.0335,-0.86,0.077,0.37,0.00,-,-,0,idle,0,0,-0.002,0.000
27.60,6.09,-,-0.001,LKA,0.0307,-0.86,0.070,0.37,0.00,-,-,0,idle,0,0,-0.001,0.000
27.65,6.09,-,0.000,LKA,0.0290,-0.86,0.066,0.37,0.00,-,-,0,idle,0,0,0.000,0.000
27.70,6.08,-,0.002,LKA,0.0267,-0.86,0.061,0.37,0.00,-,-,0,idle,0,0,0.002,0.000
27.75,6.09,-,0.003,LKA,0.0260,-0.86,0.060,0.37,0.00,-,-,0,idle,0,0,0.003,0.000
27.80,6.07,-,0.003,LKA,0.0324,-0.86,0.074,0.37,0.00,-,-,0,idle,0,0,0.003,0.000
27.85,6.09,-,0.003,LKA,0.0312,-0.86,0.072,0.37,0.00,-,-,0,idle,0,0,0.003,0.000
27.90,6.09,-,0.003,LKA,0.0290,-0.86,0.066,0.37,0.00,-,-,0,idle,0,0,0.003,0.000
27.95,6.10,-,0.004,LKA,0.0277,-0.86,0.064,0.37,0.00,-,-,0,idle,0,0,0.004,0.000
28.00,6.10,-,0.005,LKA,0.0260,-0.86,0.060,0.37,0.00,-,-,0,idle,0,0,0.005,0.000
28.05,6.10,-,0.004,LKA,0.0331,-0.86,0.076,0.37,0.00,-,-,0,idle,0,0,0.004,0.000
28.10,6.09,-,0.004,LKA,0.0304,-0.86,0.070,0.37,0.00,-,-,0,idle,0,0,0.004,0.000
28.15,6.10,-,0.006,LKA,0.0287,-0.86,0.066,0.37,0.00,-,-,0,idle,0,0,0.006,0.000
28.20,6.10,-,0.007,LKA,0.0266,-0.86,0.061,0.37,0.00,-,-,0,idle,0,0,0.007,0.000
28.25,6.10,-,0.008,LKA,0.0259,-0.86,0.059,0.37,0.00,-,-,0,idle,0,0,0.008,0.000
28.30,6.10,-,0.007,LKA,0.0324,-0.86,0.074,0.37,0.00,-,-,0,idle,0,0,0.007,0.000
28.35,6.10,-,0.007,LKA,0.0307,-0.86,0.070,0.37,0.00,-,-,0,idle,0,0,0.007,0.000
28.40,6.10,-,0.008,LKA,0.0281,-0.86,0.064,0.37,0.00,-,-,0,idle,0,0,0.008,0.000
28.45,6.10,-,0.010,LKA,0.0270,-0.86,0.062,0.37,0.00,-,-,0,idle,0,0,0.010,0.000
28.50,6.10,-,0.011,LKA,0.0254,-0.85,0.058,0.37,0.00,-,-,0,idle,0,0,0.011,0.000
28.55,6.11,-,0.010,LKA,0.0327,-0.85,0.075,0.37,0.00,-,-,0,idle,0,0,0.010,0.000
28.60,6.10,-,0.010,LKA,0.0302,-0.85,0.069,0.37,0.00,-,-,0,idle,0,0,0.010,0.000
28.65,6.11,-,0.012,LKA,0.0286,-0.85,0.065,0.37,0.00,-,-,0,idle,0,0,0.012,0.000
28.70,6.11,-,0.013,LKA,0.0265,-0.85,0.061,0.37,0.00,-,-,0,idle,0,0,0.013,0.000
28.75,6.11,-,0.014,LKA,0.0259,-0.85,0.059,0.37,0.00,-,-,0,idle,0,0,0.014,0.000
28.80,6.11,-,0.013,LKA,0.0323,-0.85,0.074,0.37,0.00,-,-,0,idle,0,0,0.013,0.000
28.85,6.11,-,0.014,LKA,0.0306,-0.85,0.070,0.37,0.00,-,-,0,idle,0,0,0.014,0.000
28.90,6.11,-,0.015,LKA,0.0281,-0.85,0.064,0.37,0.00,-,-,0,idle,0,0,0.015,0.000
28.95,6.11,-,0.016,LKA,0.0270,-0.85,0.062,0.37,0.00,-,-,0,idle,0,0,0.016,0.000
29.00,6.11,-,0.017,LKA,0.0254,-0.85,0.058,0.37,0.00,-,-,0,idle,0,0,0.017,0.000
29.05,6.11,-,0.016,LKA,0.0327,-0.85,0.075,0.37,0.00,-,-,0,idle,0,0,0.016,0.000
29.10,6.11,-,0.017,LKA,0.0302,-0.85,0.069,0.37,0.00,-,-,0,idle,0,0,0.017,0.000
29.15,6.11,-,0.018,LKA,0.0285,-0.85,0.065,0.37,0.00,-,-,0,idle,0,0,0.018,0.000
29.20,6.11,-,0.019,LKA,0.0265,-0.85,0.061,0.37,0.00,-,-,0,idle,0,0,0.019,0.000
29.25,6.11,-,0.021,LKA,0.0259,-0.85,0.059,0.37,0.00,-,-,0,idle,0,0,0.021,0.000
29.30,6.11,-,0.020,LKA,0.0323,-0.85,0.074,0.37,0.00,-,-,0,idle,0,0,0.020,0.000
29.35,6.11,-,0.021,LKA,0.0306,-0.85,0.070,0.36,0.00,-,-,0,idle,0,0,0.021,0.000
29.40,6.11,-,0.022,LKA,0.0281,-0.85,0.064,0.36,0.00,-,-,0,idle,0,0,0.022,0.000
29.45,6.11,-,0.023,LKA,0.0269,-0.85,0.062,0.36,0.00,-,-,0,idle,0,0,0.023,0.000
29.50,6.11,-,0.024,LKA,0.0254,-0.85,0.058,0.36,0.00,-,-,0,idle,0,0,0.024,0.000
29.55,6.11,-,0.025,LKA,0.0251,-0.85,0.058,0.36,0.00,-,-,0,idle,0,0,0.025,0.000
29.60,6.11,-,0.023,LKA,0.0322,-0.85,0.074,0.36,0.00,-,-,0,idle,0,0,0.023,0.000
29.65,6.11,-,0.024,LKA,0.0305,-0.85,0.070,0.36,0.00,-,-,0,idle,0,0,0.024,0.000
29.70,6.11,-,0.025,LKA,0.0279,-0.85,0.064,0.36,0.00,-,-,0,idle,0,0,0.025,0.000
29.75,6.11,-,0.026,LKA,0.0267,-0.85,0.061,0.36,0.00,-,-,0,idle,0,0,0.026,0.000
29.80,6.11,-,0.027,LKA,0.0252,-0.85,0.058,0.36,0.00,-,-,0,idle,0,0,0.027,0.000
29.85,6.11,-,0.026,LKA,0.0328,-0.85,0.075,0.36,0.00,-,-,0,idle,0,0,0.026,0.000
29.90,6.11,-,0.026,LKA,0.0302,-0.85,0.069,0.36,0.00,-,-,0,idle,0,0,0.026,0.000
29.95,6.11,-,0.027,LKA,0.0284,-0.85,0.065,0.36,0.00,-,-,0,idle,0,0,0.027,0.000
30.00,6.11,-,0.028,LKA,0.0264,-0.85,0.060,0.36,0.00,-,-,0,idle,0,0,0.028,0.000
30.05,6.11,-,0.029,LKA,0.0258,-0.85,0.059,0.36,0.00,-,-,0,idle,0,0,0.029,0.000
30.10,6.11,-,0.028,LKA,0.0325,-0.85,0.074,0.36,0.00,-,-,0,idle,0,0,0.028,0.000
30.15,6.11,-,0.028,LKA,0.0307,-0.85,0.070,0.36,0.00,-,-,0,idle,0,0,0.028,0.000
30.20,6.11,-,0.029,LKA,0.0281,-0.85,0.064,0.36,0.00,-,-,0,idle,0,0,0.029,0.000
30.25,6.11,-,0.031,LKA,0.0270,-0.85,0.062,0.36,0.00,-,-,0,idle,0,0,0.031,0.000
30.30,6.11,-,0.031,LKA,0.0254,-0.85,0.058,0.36,0.00,-,-,0,idle,0,0,0.031,0.000
30.35,6.11,-,0.030,LKA,0.0329,-0.85,0.075,0.36,0.00,-,-,0,idle,0,0,0.030,0.000
30.40,6.11,-,0.031,LKA,0.0303,-0.85,0.069,0.36,0.00,-,-,0,idle,0,0,0.031,0.000
30.45,6.11,-,0.032,LKA,0.0286,-0.85,0.065,0.36,0.00,-,-,0,idle,0,0,0.032,0.000
30.50,6.11,-,0.033,LKA,0.0264,-0.85,0.061,0.36,0.00,-,-,0,idle,0,0,0.033,0.000
30.55,6.10,-,0.034,LKA,0.0258,-0.85,0.059,0.37,0.00,-,-,0,idle,0,0,0.034,0.000
30.60,6.10,-,0.032,LKA,0.0326,-0.85,0.075,0.37,0.00,-,-,0,idle,0,0,0.032,0.000
30.65,6.10,-,0.033,LKA,0.0308,-0.85,0.071,0.37,0.00,-,-,0,idle,0,0,0.033,0.000
30.70,6.10,-,0.034,LKA,0.0282,-0.85,0.065,0.37,0.00,-,-,0,idle,0,0,0.034,0.000
30.75,6.10,-,0.036,LKA,0.0271,-0.85,0.062,0.37,0.00,-,-,0,idle,0,0,0.036,0.000
30.80,6.10,-,0.036,LKA,0.0255,-0.85,0.058,0.37,0.00,-,-,0,idle,0,0,0.036,0.000
30.85,6.10,-,0.035,LKA,0.0329,-0.85,0.075,0.37,0.00,-,-,0,idle,0,0,0.035,0.000
30.90,6.09,-,0.036,LKA,0.0302,-0.86,0.069,0.37,0.00,-,-,0,idle,0,0,0.036,0.000
30.95,6.09,-,0.039,LKA,0.0233,-0.86,0.054,0.37,0.00,-,-,0,idle,0,0,0.039,0.000
31.00,6.09,-,0.043,LKA,0.0155,-0.86,0.035,0.37,0.00,-,-,0,idle,0,0,0.043,0.000
31.05,6.08,-,0.048,LKA,0.0100,-0.86,0.023,0.37,0.00,-,-,0,idle,0,0,0.048,0.000
31.10,6.08,-,0.053,LKA,0.0046,-0.86,0.011,0.37,0.00,-,-,0,idle,0,0,0.053,0.000
31.15,6.09,-,0.057,LKA,0.0017,-0.86,0.004,0.37,0.00,-,-,0,idle,0,0,0.057,0.000
31.20,6.08,-,0.061,LKA,-0.0013,-0.86,-0.003,0.37,0.00,-,-,0,idle,0,0,0.061,0.000
31.25,6.08,-,0.065,LKA,-0.0023,-0.86,-0.005,0.37,0.00,-,-,0,idle,0,0,0.065,0.000
31.30,6.08,-,0.067,LKA,-0.0039,-0.86,-0.009,0.37,0.00,-,-,0,idle,0,0,0.067,0.000
31.35,6.08,-,0.070,LKA,-0.0038,-0.86,-0.009,0.37,0.00,-,-,0,idle,0,0,0.070,0.000
31.40,6.08,-,0.072,LKA,-0.0046,-0.86,-0.011,0.37,0.00,-,-,0,idle,0,0,0.072,0.000
31.45,6.08,-,0.073,LKA,-0.0038,-0.86,-0.009,0.37,0.00,-,-,0,idle,0,0,0.073,0.000
31.50,6.08,-,0.074,LKA,-0.0043,-0.86,-0.010,0.37,0.00,-,-,0,idle,0,0,0.074,0.000
31.55,6.08,-,0.075,LKA,-0.0033,-0.86,-0.008,0.37,0.00,-,-,0,idle,0,0,0.075,0.000
31.60,6.07,-,0.076,LKA,-0.0037,-0.86,-0.008,0.37,0.00,-,-,0,idle,0,0,0.076,0.000
31.65,6.07,-,0.076,LKA,-0.0026,-0.87,-0.006,0.37,0.00,-,-,0,idle,0,0,0.076,0.000
31.70,6.07,-,0.076,LKA,-0.0030,-0.87,-0.007,0.37,0.00,-,-,0,idle,0,0,0.076,0.000
31.75,6.07,-,0.076,LKA,-0.0019,-0.87,-0.004,0.37,0.00,-,-,0,idle,0,0,0.076,0.000
31.80,6.07,-,0.076,LKA,-0.0024,-0.87,-0.005,0.37,0.00,-,-,0,idle,0,0,0.076,0.000
31.85,6.07,-,0.076,LKA,-0.0014,-0.87,-0.003,0.37,0.00,-,-,0,idle,0,0,0.076,0.000
31.90,6.07,-,0.076,LKA,-0.0019,-0.87,-0.004,0.37,0.00,-,-,0,idle,0,0,0.076,0.000
31.95,6.07,-,0.075,LKA,-0.0010,-0.87,-0.002,0.37,0.00,-,-,0,idle,0,0,0.075,0.000
32.00,6.07,-,0.075,LKA,-0.0015,-0.87,-0.004,0.37,0.00,-,-,0,idle,0,0,0.075,0.000
32.05,6.07,-,0.074,LKA,-0.0006,-0.87,-0.001,0.37,0.00,-,-,0,idle,0,0,0.074,0.000
32.10,6.06,-,0.073,LKA,-0.0012,-0.87,-0.003,0.37,0.00,-,-,0,idle,0,0,0.073,0.000
32.15,6.06,-,0.073,LKA,-0.0004,-0.87,-0.001,0.37,0.00,-,-,0,idle,0,0,0.073,0.000
32.20,6.06,-,0.072,LKA,-0.0010,-0.87,-0.002,0.37,0.00,-,-,0,idle,0,0,0.072,0.000
32.25,6.06,-,0.071,LKA,-0.0001,-0.87,-0.000,0.37,0.00,-,-,0,idle,0,0,0.071,0.000
32.30,6.06,-,0.070,LKA,-0.0008,-0.87,-0.002,0.37,0.00,-,-,0,idle,0,0,0.070,0.000
32.35,6.06,-,0.070,LKA,0.0000,-0.87,0.000,0.37,0.00,-,-,0,idle,0,0,0.070,0.000
32.40,6.06,-,0.069,LKA,-0.0007,-0.87,-0.002,0.37,0.00,-,-,0,idle,0,0,0.069,0.000
32.45,6.06,-,0.068,LKA,0.0002,-0.87,0.000,0.37,0.00,-,-,0,idle,0,0,0.068,0.000
32.50,6.06,-,0.067,LKA,-0.0006,-0.87,-0.001,0.37,0.00,-,-,0,idle,0,0,0.067,0.000
32.55,6.06,-,0.066,LKA,0.0003,-0.87,0.001,0.37,0.00,-,-,0,idle,0,0,0.066,0.000
32.60,6.06,-,0.065,LKA,-0.0005,-0.87,-0.001,0.37,0.00,-,-,0,idle,0,0,0.065,0.000
32.65,6.06,-,0.064,LKA,0.0003,-0.87,0.001,0.37,0.00,-,-,0,idle,0,0,0.064,0.000
32.70,6.06,-,0.063,LKA,-0.0004,-0.87,-0.001,0.37,0.00,-,-,0,idle,0,0,0.063,0.000
32.75,6.05,-,0.063,LKA,0.0004,-0.87,0.001,0.37,0.00,-,-,0,idle,0,0,0.063,0.000
32.80,6.05,-,0.062,LKA,-0.0003,-0.87,-0.001,0.37,0.00,-,-,0,idle,0,0,0.062,0.000
32.85,6.05,-,0.061,LKA,0.0005,-0.87,0.001,0.37,0.00,-,-,0,idle,0,0,0.061,0.000
32.90,6.05,-,0.060,LKA,-0.0003,-0.88,-0.001,0.37,0.00,-,-,0,idle,0,0,0.060,0.000
32.95,6.05,-,0.059,LKA,0.0005,-0.88,0.001,0.37,0.00,-,-,0,idle,0,0,0.059,0.000
33.00,6.05,-,0.058,LKA,-0.0003,-0.88,-0.001,0.37,0.00,-,-,0,idle,0,0,0.058,0.000
33.05,6.05,-,0.058,LKA,0.0005,-0.88,0.001,0.37,0.00,-,-,0,idle,0,0,0.058,0.000
33.10,6.05,-,0.057,LKA,-0.0002,-0.88,-0.001,0.37,0.00,-,-,0,idle,0,0,0.057,0.000
33.15,6.05,-,0.056,LKA,0.0005,-0.88,0.001,0.37,0.00,-,-,0,idle,0,0,0.056,0.000
33.20,6.05,-,0.055,LKA,-0.0002,-0.88,-0.001,0.37,0.00,-,-,0,idle,0,0,0.055,0.000
33.25,6.05,-,0.055,LKA,0.0006,-0.88,0.001,0.37,0.00,-,-,0,idle,0,0,0.055,0.000
33.30,6.05,-,0.054,LKA,-0.0002,-0.88,-0.000,0.37,0.00,-,-,0,idle,0,0,0.054,0.000
33.35,6.05,-,0.053,LKA,0.0006,-0.88,0.001,0.37,0.00,-,-,0,idle,0,0,0.053,0.000
33.40,6.05,-,0.052,LKA,-0.0002,-0.88,-0.000,0.37,0.00,-,-,0,idle,0,0,0.052,0.000
33.45,6.04,-,0.052,LKA,0.0006,-0.88,0.001,0.37,0.00,-,-,0,idle,0,0,0.052,0.000
33.50,6.04,-,0.051,LKA,-0.0002,-0.88,-0.000,0.37,0.00,-,-,0,idle,0,0,0.051,0.000
33.55,6.04,-,0.051,LKA,0.0006,-0.88,0.001,0.37,0.00,-,-,0,idle,0,0,0.051,0.000
33.60,6.04,-,0.050,LKA,-0.0002,-0.88,-0.000,0.37,0.00,-,-,0,idle,0,0,0.050,0.000
33.65,6.04,-,0.049,LKA,0.0006,-0.88,0.001,0.37,0.00,-,-,0,idle,0,0,0.049,0.000
33.70,6.04,-,0.048,LKA,-0.0002,-0.88,-0.000,0.37,0.00,-,-,0,idle,0,0,0.048,0.000
33.75,6.04,-,0.048,LKA,0.0006,-0.88,0.001,0.37,0.00,-,-,0,idle,0,0,0.048,0.000
33.80,6.04,-,0.047,LKA,-0.0002,-0.88,-0.000,0.37,0.00,-,-,0,idle,0,0,0.047,0.000
33.85,6.04,-,0.047,LKA,0.0006,-0.88,0.001,0.37,0.00,-,-,0,idle,0,0,0.047,0.000
33.90,6.04,-,0.046,LKA,-0.0002,-0.88,-0.000,0.37,0.00,-,-,0,idle,0,0,0.046,0.000
33.95,6.04,-,0.046,LKA,0.0006,-0.88,0.001,0.37,0.00,-,-,0,idle,0,0,0.046,0.000
34.00,6.03,-,0.045,LKA,-0.0002,-0.88,-0.000,0.37,0.00,-,-,0,idle,0,0,0.045,0.000
34.05,6.03,-,0.045,LKA,0.0006,-0.88,0.001,0.37,0.00,-,-,0,idle,0,0,0.045,0.000
34.10,6.03,-,0.044,LKA,-0.0002,-0.88,-0.001,0.38,0.00,-,-,0,idle,0,0,0.044,0.000
34.15,6.03,-,0.044,LKA,0.0006,-0.88,0.001,0.38,0.00,-,-,0,idle,0,0,0.044,0.000
34.20,6.03,-,0.043,LKA,-0.0002,-0.88,-0.001,0.38,0.00,-,-,0,idle,0,0,0.043,0.000
34.25,6.03,-,0.043,LKA,0.0005,-0.88,0.001,0.38,0.00,-,-,0,idle,0,0,0.043,0.000
34.30,6.03,-,0.042,LKA,-0.0002,-0.88,-0.001,0.38,0.00,-,-,0,idle,0,0,0.042,0.000
34.35,6.03,-,0.042,LKA,0.0005,-0.89,0.001,0.38,0.00,-,-,0,idle,0,0,0.042,0.000
34.40,6.03,-,0.041,LKA,-0.0002,-0.89,-0.001,0.38,0.00,-,-,0,idle,0,0,0.041,0.000
34.45,6.03,-,0.041,LKA,0.0005,-0.89,0.001,0.38,0.00,-,-,0,idle,0,0,0.041,0.000
34.50,6.03,-,0.040,LKA,-0.0002,-0.89,-0.001,0.38,0.00,-,-,0,idle,0,0,0.040,0.000
34.55,6.03,-,0.040,LKA,0.0005,-0.89,0.001,0.38,0.00,-,-,0,idle,0,0,0.040,0.000
34.60,6.03,-,0.039,LKA,-0.0003,-0.89,-0.001,0.38,0.00,-,-,0,idle,0,0,0.039,0.000
34.65,6.02,-,0.039,LKA,0.0005,-0.89,0.001,0.38,0.00,-,-,0,idle,0,0,0.039,0.000
34.70,6.02,-,0.039,LKA,-0.0003,-0.89,-0.001,0.38,0.00,-,-,0,idle,0,0,0.039,0.000
34.75,6.02,-,0.038,LKA,0.0005,-0.89,0.001,0.38,0.00,-,-,0,idle,0,0,0.038,0.000
34.80,6.02,-,0.038,LKA,-0.0003,-0.89,-0.001,0.38,0.00,-,-,0,idle,0,0,0.038,0.000
34.85,6.02,-,0.038,LKA,0.0005,-0.89,0.001,0.38,0.00,-,-,0,idle,0,0,0.038,0.000
34.90,6.02,-,0.037,LKA,-0.0003,-0.89,-0.001,0.38,0.00,-,-,0,idle,0,0,0.037,0.000
34.95,6.02,-,0.037,LKA,0.0005,-0.89,0.001,0.38,0.00,-,-,0,idle,0,0,0.037,0.000
35.00,6.02,-,0.037,LKA,-0.0003,-0.89,-0.001,0.38,0.00,-,-,0,idle,0,0,0.037,0.000
35.05,6.02,-,0.036,LKA,0.0005,-0.89,0.001,0.38,0.00,-,-,0,idle,0,0,0.036,0.000
35.10,6.02,-,0.036,LKA,-0.0003,-0.89,-0.001,0.38,0.00,-,-,0,idle,0,0,0.036,0.000
35.15,6.02,-,0.036,LKA,0.0005,-0.89,0.001,0.38,0.00,-,-,0,idle,0,0,0.036,0.000
35.20,6.02,-,0.035,LKA,-0.0003,-0.89,-0.001,0.38,0.00,-,-,0,idle,0,0,0.035,0.000
35.25,6.02,-,0.035,LKA,0.0005,-0.89,0.001,0.38,0.00,-,-,0,idle,0,0,0.035,0.000
35.30,6.01,-,0.035,LKA,-0.0003,-0.89,-0.001,0.38,0.00,-,-,0,idle,0,0,0.035,0.000
35.35,6.01,-,0.035,LKA,0.0005,-0.89,0.001,0.38,0.00,-,-,0,idle,0,0,0.035,0.000
35.40,6.01,-,0.034,LKA,-0.0003,-0.89,-0.001,0.38,0.00,-,-,0,idle,0,0,0.034,0.000
35.45,6.01,-,0.034,LKA,0.0005,-0.89,0.001,0.38,0.00,-,-,0,idle,0,0,0.034,0.000
35.50,6.01,-,0.034,LKA,-0.0003,-0.89,-0.001,0.38,0.00,-,-,0,idle,0,0,0.034,0.000
35.55,6.01,-,0.034,LKA,0.0005,-0.89,0.001,0.38,0.00,-,-,0,idle,0,0,0.034,0.000
35.60,6.01,-,0.033,LKA,-0.0003,-0.89,-0.001,0.38,0.00,-,-,0,idle,0,0,0.033,0.000
35.65,6.01,-,0.033,LKA,0.0005,-0.89,0.001,0.38,0.00,-,-,0,idle,0,0,0.033,0.000
35.70,6.01,-,0.033,LKA,-0.0003,-0.90,-0.001,0.38,0.00,-,-,0,idle,0,0,0.033,0.000
35.75,6.01,-,0.033,LKA,0.0005,-0.90,0.001,0.38,0.00,-,-,0,idle,0,0,0.033,0.000
35.80,6.01,-,0.032,LKA,-0.0003,-0.90,-0.001,0.38,0.00,-,-,0,idle,0,0,0.032,0.000
35.85,6.01,-,0.032,LKA,0.0005,-0.90,0.001,0.38,0.00,-,-,0,idle,0,0,0.032,0.000
35.90,6.00,-,0.032,LKA,-0.0003,-0.90,-0.001,0.38,0.00,-,-,0,idle,0,0,0.032,0.000
35.95,6.00,-,0.032,LKA,0.0005,-0.90,0.001,0.38,0.00,-,-,0,idle,0,0,0.032,0.000
36.00,6.00,-,0.032,LKA,-0.0003,-0.90,-0.001,0.38,0.00,-,-,0,idle,0,0,0.032,0.000
36.05,6.00,-,0.032,LKA,0.0005,-0.90,0.001,0.38,0.00,-,-,0,idle,0,0,0.032,0.000
36.10,6.00,-,0.031,LKA,-0.0003,-0.90,-0.001,0.38,0.00,-,-,0,idle,0,0,0.031,0.000
36.15,6.00,-,0.031,LKA,0.0005,-0.90,0.001,0.38,0.00,-,-,0,idle,0,0,0.031,0.000
36.20,6.00,-,0.031,LKA,-0.0003,-0.90,-0.001,0.38,0.00,-,-,0,idle,0,0,0.031,0.000
36.25,6.00,-,0.031,LKA,0.0005,-0.90,0.001,0.38,0.00,-,-,0,idle,0,0,0.031,0.000
36.30,6.00,-,0.031,LKA,-0.0003,-0.90,-0.001,0.38,0.00,-,-,0,idle,0,0,0.031,0.000
36.35,6.00,-,0.031,LKA,0.0004,-0.90,0.001,0.38,0.00,-,-,0,idle,0,0,0.031,0.000
36.40,6.00,-,0.030,LKA,-0.0003,-0.90,-0.001,0.38,0.00,-,-,0,idle,0,0,0.030,0.000
36.45,6.00,-,0.030,LKA,0.0004,-0.90,0.001,0.38,0.00,-,-,0,idle,0,0,0.030,0.000
36.50,6.00,-,0.030,LKA,-0.0003,-0.90,-0.001,0.38,0.00,-,-,0,idle,0,0,0.030,0.000
36.55,5.99,-,0.030,LKA,0.0004,-0.90,0.001,0.38,0.00,-,-,0,idle,0,0,0.030,0.000
36.60,5.99,-,0.030,LKA,-0.0003,-0.90,-0.001,0.38,0.00,-,-,0,idle,0,0,0.030,0.000
36.65,5.99,-,0.030,LKA,0.0004,-0.90,0.001,0.38,0.00,-,-,0,idle,0,0,0.030,0.000
36.70,5.99,-,0.029,LKA,-0.0003,-0.90,-0.001,0.38,0.00,-,-,0,idle,0,0,0.029,0.000
36.75,5.99,-,0.029,LKA,0.0004,-0.90,0.001,0.38,0.00,-,-,0,idle,0,0,0.029,0.000
36.80,5.99,-,0.029,LKA,-0.0003,-0.90,-0.001,0.38,0.00,-,-,0,idle,0,0,0.029,0.000
36.85,5.99,-,0.029,LKA,0.0004,-0.90,0.001,0.38,0.00,-,-,0,idle,0,0,0.029,0.000
36.90,5.99,-,0.029,LKA,-0.0003,-0.90,-0.001,0.38,0.00,-,-,0,idle,0,0,0.029,0.000
36.95,5.99,-,0.029,LKA,0.0004,-0.90,0.001,0.38,0.00,-,-,0,idle,0,0,0.029,0.000
37.00,5.99,-,0.029,LKA,-0.0003,-0.90,-0.001,0.38,0.00,-,-,0,idle,0,0,0.029,0.000
37.05,5.99,-,0.029,LKA,0.0004,-0.90,0.001,0.38,0.00,-,-,0,idle,0,0,0.029,0.000
37.10,5.99,-,0.028,LKA,-0.0003,-0.91,-0.001,0.38,0.00,-,-,0,idle,0,0,0.028,0.000
37.15,5.99,-,0.029,LKA,0.0004,-0.91,0.001,0.38,0.00,-,-,0,idle,0,0,0.029,0.000
37.20,5.98,-,0.028,LKA,-0.0004,-0.91,-0.001,0.38,0.00,-,-,0,idle,0,0,0.028,0.000
37.25,5.98,-,0.028,LKA,0.0004,-0.91,0.001,0.38,0.00,-,-,0,idle,0,0,0.028,0.000
37.30,5.98,-,0.028,LKA,-0.0004,-0.91,-0.001,0.38,0.00,-,-,0,idle,0,0,0.028,0.000
37.35,5.98,-,0.028,LKA,0.0004,-0.91,0.001,0.38,0.00,-,-,0,idle,0,0,0.028,0.000
37.40,5.98,-,0.028,LKA,-0.0004,-0.91,-0.001,0.38,0.00,-,-,0,idle,0,0,0.028,0.000
37.45,5.98,-,0.028,LKA,0.0004,-0.91,0.001,0.38,0.00,-,-,0,idle,0,0,0.028,0.000
37.50,5.98,-,0.028,LKA,-0.0004,-0.91,-0.001,0.38,0.00,-,-,0,idle,0,0,0.028,0.000
37.55,5.98,-,0.028,LKA,0.0004,-0.91,0.001,0.38,0.00,-,-,0,idle,0,0,0.028,0.000
37.60,5.98,-,0.028,LKA,-0.0004,-0.91,-0.001,0.38,0.00,-,-,0,idle,0,0,0.028,0.000
37.65,5.98,-,0.028,LKA,0.0004,-0.91,0.001,0.38,0.00,-,-,0,idle,0,0,0.028,0.000
37.70,5.98,-,0.027,LKA,-0.0004,-0.91,-0.001,0.38,0.00,-,-,0,idle,0,0,0.027,0.000
37.75,5.98,-,0.028,LKA,0.0004,-0.91,0.001,0.38,0.00,-,-,0,idle,0,0,0.028,0.000
37.80,5.97,-,0.027,LKA,-0.0004,-0.91,-0.001,0.38,0.00,-,-,0,idle,0,0,0.027,0.000
37.85,5.97,-,0.027,LKA,0.0004,-0.91,0.001,0.38,0.00,-,-,0,idle,0,0,0.027,0.000
37.90,5.97,-,0.027,LKA,-0.0004,-0.91,-0.001,0.38,0.00,-,-,0,idle,0,0,0.027,0.000
37.95,5.97,-,0.027,LKA,0.0004,-0.91,0.001,0.38,0.00,-,-,0,idle,0,0,0.027,0.000
38.00,5.97,-,0.027,LKA,-0.0004,-0.91,-0.001,0.38,0.00,-,-,0,idle,0,0,0.027,0.000
38.05,5.97,-,0.027,LKA,0.0004,-0.91,0.001,0.38,0.00,-,-,0,idle,0,0,0.027,0.000
38.10,5.97,-,0.027,LKA,-0.0004,-0.91,-0.001,0.38,0.00,-,-,0,idle,0,0,0.027,0.000
38.15,5.97,-,0.027,LKA,0.0004,-0.91,0.001,0.38,0.00,-,-,0,idle,0,0,0.027,0.000
38.20,5.97,-,0.027,LKA,-0.0004,-0.91,-0.001,0.38,0.00,-,-,0,idle,0,0,0.027,0.000
38.25,5.97,-,0.027,LKA,0.0004,-0.91,0.001,0.38,0.00,-,-,0,idle,0,0,0.027,0.000
38.30,5.97,-,0.027,LKA,-0.0004,-0.91,-0.001,0.38,0.00,-,-,0,idle,0,0,0.027,0.000
38.35,5.97,-,0.027,LKA,0.0004,-0.91,0.001,0.38,0.00,-,-,0,idle,0,0,0.027,0.000
38.40,5.97,-,0.027,LKA,-0.0004,-0.91,-0.001,0.38,0.00,-,-,0,idle,0,0,0.027,0.000
38.45,5.96,-,0.027,LKA,0.0004,-0.91,0.001,0.38,0.00,-,-,0,idle,0,0,0.027,0.000
38.50,5.96,-,0.026,LKA,-0.0004,-0.92,-0.001,0.38,0.00,-,-,0,idle,0,0,0.026,0.000
38.55,5.96,-,0.027,LKA,0.0004,-0.92,0.001,0.38,0.00,-,-,0,idle,0,0,0.027,0.000
38.60,5.96,-,0.026,LKA,-0.0004,-0.92,-0.001,0.38,0.00,-,-,0,idle,0,0,0.026,0.000
38.65,5.96,-,0.026,LKA,0.0004,-0.92,0.001,0.38,0.00,-,-,0,idle,0,0,0.026,0.000
38.70,5.96,-,0.026,LKA,-0.0004,-0.92,-0.001,0.39,0.00,-,-,0,idle,0,0,0.026,0.000
38.75,5.96,-,0.026,LKA,0.0004,-0.92,0.001,0.39,0.00,-,-,0,idle,0,0,0.026,0.000
38.80,5.96,-,0.026,LKA,-0.0004,-0.92,-0.001,0.39,0.00,-,-,0,idle,0,0,0.026,0.000
38.85,5.96,-,0.026,LKA,0.0004,-0.92,0.001,0.39,0.00,-,-,0,idle,0,0,0.026,0.000
38.90,5.96,-,0.026,LKA,-0.0004,-0.92,-0.001,0.39,0.00,-,-,0,idle,0,0,0.026,0.000
38.95,5.96,-,0.026,LKA,0.0004,-0.92,0.001,0.39,0.00,-,-,0,idle,0,0,0.026,0.000
39.00,5.96,-,0.026,LKA,-0.0004,-0.92,-0.001,0.39,0.00,-,-,0,idle,0,0,0.026,0.000
39.05,5.96,-,0.026,LKA,0.0004,-0.92,0.001,0.39,0.00,-,-,0,idle,0,0,0.026,0.000
39.10,5.95,-,0.026,LKA,-0.0004,-0.92,-0.001,0.39,0.00,-,-,0,idle,0,0,0.026,0.000
39.15,5.95,-,0.026,LKA,0.0004,-0.92,0.001,0.39,0.00,-,-,0,idle,0,0,0.026,0.000
39.20,5.95,-,0.026,LKA,-0.0004,-0.92,-0.001,0.39,0.00,-,-,0,idle,0,0,0.026,0.000
39.25,5.95,-,0.026,LKA,0.0004,-0.92,0.001,0.39,0.00,-,-,0,idle,0,0,0.026,0.000
39.30,5.95,-,0.026,LKA,-0.0004,-0.92,-0.001,0.39,0.00,-,-,0,idle,0,0,0.026,0.000
39.35,5.95,-,0.026,LKA,0.0004,-0.92,0.001,0.39,0.00,-,-,0,idle,0,0,0.026,0.000
39.40,5.95,-,0.026,LKA,-0.0004,-0.92,-0.001,0.39,0.00,-,-,0,idle,0,0,0.026,0.000
39.45,5.95,-,0.026,LKA,0.0004,-0.92,0.001,0.39,0.00,-,-,0,idle,0,0,0.026,0.000
39.50,5.95,-,0.026,LKA,-0.0004,-0.92,-0.001,0.39,0.00,-,-,0,idle,0,0,0.026,0.000
39.55,5.95,-,0.026,LKA,0.0004,-0.92,0.001,0.39,0.00,-,-,0,idle,0,0,0.026,0.000
39.60,5.95,-,0.026,LKA,-0.0004,-0.92,-0.001,0.39,0.00,-,-,0,idle,0,0,0.026,0.000
39.65,5.95,-,0.026,LKA,0.0004,-0.92,0.001,0.39,0.00,-,-,0,idle,0,0,0.026,0.000
39.70,5.94,-,0.026,LKA,-0.0004,-0.92,-0.001,0.39,0.00,-,-,0,idle,0,0,0.026,0.000
39.75,5.94,-,0.026,LKA,0.0004,-0.92,0.001,0.39,0.00,-,-,0,idle,0,0,0.026,0.000
39.80,5.94,-,0.026,LKA,-0.0004,-0.92,-0.001,0.39,0.00,-,-,0,idle,0,0,0.026,0.000
39.85,5.94,-,0.026,LKA,0.0004,-0.92,0.001,0.39,0.00,-,-,0,idle,0,0,0.026,0.000
39.90,5.94,-,0.025,LKA,-0.0004,-0.92,-0.001,0.39,0.00,-,-,0,idle,0,0,0.025,0.000
39.95,5.94,-,0.026,LKA,0.0004,-0.93,0.001,0.39,0.00,-,-,0,idle,0,0,0.026,0.000
